date,company_Name,ticker,broker,analyst,rating_before,rating_after,price_target_before,price_target_after,Close,High,Low,days_to_target,pt_close_difference
2025-07-14,Intel Corp,INTC,,TIMOTHY ARCURI,Neutral,Neutral,25.0,25.0,23.3,23.4,22.88,24.0,1.6999999999999993
2025-07-07,Intel Corp,INTC,,CHRISTOPHER DANELY,Neutral,Neutral,24.0,24.0,22.0,22.39,21.86,3.0,2.0
2025-05-21,Intel Corp,INTC,,ROSS SEYMORE,Hold                         ,Hold                         ,23.0,23.0,20.69,21.63,20.59,25.0,2.3099999999999987
2025-04-28,Intel Corp,INTC,WELLS FARGO,AARON RAKERS,,EQUAL WEIGHT                 ,,22.0,20.51,21.08,20.05,10.0,1.4899999999999984
2025-04-25,Intel Corp,INTC,,TIMOTHY ARCURI,Neutral,Neutral,21.0,21.0,20.05,20.18,19.34,1.0,0.9499999999999993
2025-04-25,Intel Corp,INTC,MIZUHO,VIJAY RAKESH,                             ,NEUTRAL                      ,23.0,22.0,20.05,20.18,19.34,11.0,1.9499999999999993
2025-04-22,Intel Corp,INTC,BARCLAYS,TOM O'MALLEY,                             ,                             ,23.0,19.0,19.51,19.74,19.04,70.0,0.5100000000000016
2025-04-14,Intel Corp,INTC,UBS,TIMOTHY ARCURI,,NEUTRAL                      ,,22.0,20.31,21.05,19.98,19.0,1.6900000000000013
2025-04-01,Intel Corp,INTC,WELLS FARGO,AARON RAKERS,,EQUAL WEIGHT                 ,,25.0,22.05,22.62,21.66,94.0,2.9499999999999993
2025-02-24,Intel Corp,INTC,MIZUHO,VIJAY RAKESH,NEUTRAL,NEUTRAL,,23.0,24.27,24.8,23.62,1.0,1.2699999999999996
2025-01-31,Intel Corp,INTC,,MATTHEW PRISCO,Neutral,Neutral,22.0,22.0,19.43,20.33,19.38,8.0,2.5700000000000003
2025-01-31,Intel Corp,INTC,WELLS FARGO,AARON RAKERS,                             ,EQUAL WEIGHT                 ,28.0,25.0,19.43,20.33,19.38,10.0,5.57
2025-01-31,Intel Corp,INTC,MORGAN STANLEY,JOSEPH MOORE,                             ,                             ,25.58,25.0,19.43,20.33,19.38,10.0,5.57
2025-01-31,Intel Corp,INTC,,RUBEN ROY,Hold,Hold,21.0,21.0,19.43,20.33,19.38,7.0,1.5700000000000003
2025-01-21,Intel Corp,INTC,,TIMOTHY ARCURI,Neutral,Neutral,23.0,23.0,21.77,22.41,21.75,17.0,1.2300000000000004
2025-01-21,Intel Corp,INTC,CITI,CHRISTOPHER DANELY,,NEUTRAL                      ,,21.0,21.77,22.41,21.75,3.0,0.7699999999999996
2025-01-17,Intel Corp,INTC,BARCLAYS,TOM O'MALLEY,Equal Weight,Equal Weight,23.0,23.0,21.49,21.62,20.79,18.0,1.5100000000000016
2025-01-10,Intel Corp,INTC,MIZUHO,VIJAY RAKESH,                             ,NEUTRAL                      ,23.0,21.0,19.15,19.66,18.91,5.0,1.8500000000000014
2024-12-03,Intel Corp,INTC,,VIVEK ARYA,Underperform,Underperform,21.0,21.0,22.47,23.75,22.44,2.0,1.4699999999999989
2024-11-01,Intel Corp,INTC,UBS,TIMOTHY ARCURI,                             ,NEUTRAL                      ,25.0,26.0,23.2,23.58,21.91,4.0,2.8000000000000007
2024-11-01,Intel Corp,INTC,,WILLIAM STEIN,Hold,Hold,26.0,26.0,23.2,23.58,21.91,4.0,2.8000000000000007
2024-11-01,Intel Corp,INTC,MIZUHO,VIJAY RAKESH,                             ,NEUTRAL                      ,22.0,23.0,23.2,23.58,21.91,1.0,0.1999999999999993
2024-11-01,Intel Corp,INTC,CITI,CHRISTOPHER DANELY,NEUTRAL,NEUTRAL,25.0,22.0,23.2,23.58,21.91,1.0,1.1999999999999993
2024-10-25,Intel Corp,INTC,,RUBEN ROY,Hold,Hold,25.0,25.0,22.68,23.34,22.41,8.0,2.3200000000000003
2024-10-03,Intel Corp,INTC,,ROSS SEYMORE,Hold,Hold,25.0,25.0,22.26,22.73,21.65,24.0,2.7399999999999984
2024-08-08,Intel Corp,INTC,,VIJAY RAKESH,Outperform,Neutral,22.0,22.0,20.49,20.55,18.84,16.0,1.5100000000000016
2024-08-02,Intel Corp,INTC,,CHRISTOPHER ROLLAND,Neutral,Neutral,26.0,26.0,21.48,21.98,20.42,68.0,4.52
2024-08-02,Intel Corp,INTC,UBS,TIMOTHY ARCURI,                             ,NEUTRAL                      ,37.0,32.0,21.48,21.98,20.42,282.0,10.52
2024-08-02,Intel Corp,INTC,,VIVEK ARYA,Neutral,Underperform,23.0,23.0,21.48,21.98,20.42,34.0,1.5199999999999996
2024-08-02,Intel Corp,INTC,BARCLAYS,BLAYNE CURTIS,                             ,                             ,40.0,25.0,21.48,21.98,20.42,67.0,3.5199999999999996
2024-08-02,Intel Corp,INTC,,GUS RICHARD,Outperform,Outperform,42.0,42.0,21.48,21.98,20.42,310.0,20.52
2024-08-02,Intel Corp,INTC,,SUJI DESILVA,Neutral,Neutral,25.0,25.0,21.48,21.98,20.42,67.0,3.5199999999999996
2024-08-02,Intel Corp,INTC,,ROSS SEYMORE,Hold,Hold,27.0,27.0,21.48,21.98,20.42,135.0,5.52
2024-08-02,Intel Corp,INTC,,MATTHEW BRYSON,Neutral,Neutral,25.0,25.0,21.48,21.98,20.42,67.0,3.5199999999999996
2024-08-02,Intel Corp,INTC,WELLS FARGO,AARON RAKERS,                             ,EQUAL WEIGHT                 ,38.0,28.0,21.48,21.98,20.42,282.0,6.52
2024-08-02,Intel Corp,INTC,,HARLAN SUR,Underweight,Underweight,26.0,26.0,21.48,21.98,20.42,68.0,4.52
2024-08-02,Intel Corp,INTC,TRUIST,WILLIAM STEIN,                             ,HOLD                         ,33.0,25.0,21.48,21.98,20.42,67.0,3.5199999999999996
2024-08-02,Intel Corp,INTC,MORGAN STANLEY,JOSEPH MOORE,Equal Weight,Equal Weight,25.0,25.0,21.48,21.98,20.42,67.0,3.5199999999999996
2024-07-16,Intel Corp,INTC,,C J MUSE,Neutral,Neutral,40.0,40.0,34.34,34.45,33.84,321.0,5.659999999999997
2024-05-13,Intel Corp,INTC,BARCLAYS,BLAYNE CURTIS,Hold,Hold,34.0,34.0,30.51,31.13,30.0,37.0,3.4899999999999984
2024-05-08,Intel Corp,INTC,STIFEL,RUBEN ROY,                             ,HOLD                         ,45.0,34.0,30.0,30.15,29.73,40.0,4.0
2024-05-01,Intel Corp,INTC,DZ BANK,INGO WERMANN,                             ,HOLD                         ,41.0,34.0,30.37,31.04,30.02,45.0,3.629999999999999
2024-04-26,Intel Corp,INTC,,RYAN MACWILLIAMS,Equal Weight,Equal Weight,40.0,40.0,31.88,32.24,30.64,375.0,8.120000000000001
2024-04-26,Intel Corp,INTC,TRUIST,WILLIAM STEIN,Hold,Hold,33.0,33.0,31.88,32.24,30.64,48.0,1.120000000000001
2024-04-26,Intel Corp,INTC,,MATTHEW BRYSON,Neutral,Neutral,32.5,32.5,31.88,32.24,30.64,48.0,0.620000000000001
2024-04-26,Intel Corp,INTC,JPMORGAN,HARLAN SUR,                             ,UNDERWEIGHT                  ,37.0,35.0,31.88,32.24,30.64,49.0,3.120000000000001
2024-04-26,Intel Corp,INTC,,STACY RASGON,Market Perform,Market Perform,35.0,35.0,31.88,32.24,30.64,49.0,3.120000000000001
2024-04-26,Intel Corp,INTC,,CHRISTOPHER ROLLAND,Neutral,Neutral,35.0,35.0,31.88,32.24,30.64,49.0,3.120000000000001
2024-04-26,Intel Corp,INTC,,SUJI DESILVA,Neutral,Neutral,35.0,35.0,31.88,32.24,30.64,49.0,3.120000000000001
2024-04-26,Intel Corp,INTC,WELLS FARGO,AARON RAKERS,Equal Weight,Equal Weight,38.0,38.0,31.88,32.24,30.64,360.0,6.120000000000001
2024-04-26,Intel Corp,INTC,BARCLAYS,TOM O'MALLEY,                             ,EQUAL WEIGHT                 ,44.0,40.0,31.88,32.24,30.64,375.0,8.120000000000001
2024-04-26,Intel Corp,INTC,MORGAN STANLEY,JOSEPH MOORE,Equal Weight,Equal Weight,36.0,36.0,31.88,32.24,30.64,55.0,4.120000000000001
2024-04-17,Intel Corp,INTC,SUSQUEHANNA,CHRISTOPHER ROLLAND,NEUTRAL,NEUTRAL,42.0,40.0,35.68,36.13,35.37,382.0,4.32
2024-04-16,Intel Corp,INTC,,MARK LIPACIS,In Line                      ,In Line                      ,40.0,40.0,36.26,36.51,35.76,383.0,3.740000000000002
2024-04-15,Intel Corp,INTC,CITI,CHRISTOPHER DANELY,,NEUTRAL                      ,,40.0,36.31,36.7,35.89,384.0,3.6899999999999977
2024-04-12,Intel Corp,INTC,BAML,VIVEK ARYA,                             ,NEUTRAL                      ,50.0,44.0,35.69,36.7,35.61,412.0,8.310000000000002
2024-04-09,Intel Corp,INTC,WELLS FARGO,AARON RAKERS,                             ,EQUAL WEIGHT                 ,48.0,43.0,38.33,38.58,37.33,414.0,4.670000000000002
2024-04-04,Intel Corp,INTC,SUSQUEHANNA,CHRISTOPHER ROLLAND,Neutral,Neutral,42.0,42.0,39.73,40.78,39.7,393.0,2.270000000000003
2024-03-07,Intel Corp,INTC,UBS,TIMOTHY ARCURI,                             ,NEUTRAL                      ,38.0,46.0,46.15,46.42,45.18,1.0,0.14999999999999858
2024-02-16,Intel Corp,INTC,,MATTHEW BRYSON,Neutral,Neutral,40.0,40.0,43.51,44.22,43.12,32.0,3.509999999999998
2024-01-29,Intel Corp,INTC,DZ BANK,INGO WERMANN,,HOLD                         ,,44.0,43.84,43.99,42.81,10.0,0.1599999999999966
2024-01-26,Intel Corp,INTC,TRUIST,WILLIAM STEIN,                             ,HOLD                         ,47.0,45.0,43.65,45.41,43.35,11.0,1.3500000000000014
2024-01-23,Intel Corp,INTC,WEDBUSH,MATTHEW BRYSON,                             ,NEUTRAL                      ,35.0,45.0,48.89,48.94,47.32,3.0,3.8900000000000006
2024-01-23,Intel Corp,INTC,,C J MUSE,Neutral                      ,Neutral                      ,50.0,50.0,48.89,48.94,47.32,2.0,1.1099999999999994
2024-01-18,Intel Corp,INTC,SUSQUEHANNA,CHRISTOPHER ROLLAND,                             ,NEUTRAL                      ,38.0,42.0,46.74,47.57,46.17,11.0,4.740000000000002
2024-01-16,Intel Corp,INTC,BARCLAYS,BLAYNE CURTIS,,                             ,,44.0,47.06,47.22,46.38,8.0,3.0600000000000023
2024-01-16,Intel Corp,INTC,,RYAN MACWILLIAMS,Equal Weight,Equal Weight,44.0,44.0,47.06,47.22,46.38,8.0,3.0600000000000023
2024-01-12,Intel Corp,INTC,CITI,CHRISTOPHER DANELY,                             ,NEUTRAL                      ,34.0,47.5,47.12,47.67,46.61,3.0,0.38000000000000256
2024-01-05,Intel Corp,INTC,TRUIST,WILLIAM STEIN,                             ,HOLD                         ,38.0,47.0,46.89,47.83,46.64,1.0,0.10999999999999943
2024-01-04,Intel Corp,INTC,BERNSTEIN,STACY RASGON,                             ,MARKET PERFORM               ,36.0,42.0,46.87,47.16,45.24,20.0,4.869999999999997
2024-01-02,Intel Corp,INTC,STIFEL,RUBEN ROY,,HOLD                         ,,45.0,47.8,49.38,47.45,17.0,2.799999999999997
2023-12-18,Intel Corp,INTC,DEUTSCHE BANK,ROSS SEYMORE,,HOLD                         ,,42.0,45.69,46.23,45.4,31.0,3.6899999999999977
2023-12-18,Intel Corp,INTC,DZ BANK,INGO WERMANN,,HOLD                         ,,48.0,45.69,46.23,45.4,4.0,2.3100000000000023
2023-12-15,Intel Corp,INTC,BAML,VIVEK ARYA,Underperform,Neutral,50.0,50.0,46.16,47.27,45.67,6.0,3.8400000000000034
2023-12-12,Intel Corp,INTC,,SRINI PAJJURI,Outperform,Outperform,48.0,48.0,44.04,44.44,43.63,8.0,3.960000000000001
2023-11-16,Intel Corp,INTC,MIZUHO,VIJAY RAKESH,Neutral,Buy,50.0,50.0,43.35,43.4,40.82,26.0,6.649999999999999
2023-10-27,Intel Corp,INTC,MIZUHO,VIJAY RAKESH,                             ,NEUTRAL                      ,36.0,37.0,35.54,36.38,34.6,3.0,1.4600000000000009
2023-10-27,Intel Corp,INTC,TRUIST,WILLIAM STEIN,                             ,HOLD                         ,37.0,38.0,35.54,36.38,34.6,5.0,2.460000000000001
2023-10-27,Intel Corp,INTC,,QUINN BOLTON,Buy,Buy,40.0,40.0,35.54,36.38,34.6,13.0,4.460000000000001
2023-10-27,Intel Corp,INTC,BERNSTEIN,STACY RASGON,                             ,MARKET PERFORM               ,34.0,36.0,35.54,36.38,34.6,2.0,0.46000000000000085
2023-10-27,Intel Corp,INTC,STIFEL,RUBEN ROY,                             ,HOLD                         ,32.0,38.0,35.54,36.38,34.6,5.0,2.460000000000001
2023-10-27,Intel Corp,INTC,JPMORGAN,HARLAN SUR,                             ,UNDERWEIGHT                  ,35.0,37.0,35.54,36.38,34.6,3.0,1.4600000000000009
2023-10-27,Intel Corp,INTC,MORGAN STANLEY,JOSEPH MOORE,                             ,                             ,35.0,39.0,35.54,36.38,34.6,12.0,3.460000000000001
2023-10-25,Intel Corp,INTC,,SRINI PAJJURI,Outperform,Outperform,40.0,40.0,32.83,34.45,32.55,15.0,7.170000000000002
2023-10-19,Intel Corp,INTC,SUSQUEHANNA,CHRISTOPHER ROLLAND,                             ,NEUTRAL                      ,37.0,38.0,35.67,36.36,35.52,11.0,2.3299999999999983
2023-10-10,Intel Corp,INTC,BAML,VIVEK ARYA,                             ,UNDERPERFORM                 ,32.0,35.0,36.43,36.74,35.81,8.0,1.4299999999999997
2023-10-05,Intel Corp,INTC,,QUINN BOLTON,Buy,Buy,40.0,40.0,35.89,36.1,35.6,29.0,4.109999999999999
2023-10-04,Intel Corp,INTC,,SUJI DESILVA,Neutral,Neutral,35.0,35.0,35.93,36.52,35.33,12.0,0.9299999999999997
2023-09-22,Intel Corp,INTC,,SUJI DESILVA,Neutral,Neutral,35.0,35.0,34.18,34.89,34.14,4.0,0.8200000000000003
2023-08-04,Intel Corp,INTC,DEUTSCHE BANK,ROSS SEYMORE,,HOLD                         ,,38.0,35.14,35.56,34.48,23.0,2.8599999999999994
2023-08-04,Intel Corp,INTC,,IVAN FEINSETH,Buy,Buy,46.0,46.0,35.14,35.56,34.48,92.0,10.86
2023-07-28,Intel Corp,INTC,MORGAN STANLEY,JOSEPH MOORE,                             ,                             ,38.0,35.0,36.83,36.99,35.51,3.0,1.8299999999999983
2023-07-28,Intel Corp,INTC,TRUIST,WILLIAM STEIN,                             ,HOLD                         ,32.0,37.0,36.83,36.99,35.51,1.0,0.1700000000000017
2023-07-28,Intel Corp,INTC,UBS,TIMOTHY ARCURI,                             ,NEUTRAL                      ,35.0,38.0,36.83,36.99,35.51,28.0,1.1700000000000017
2023-07-28,Intel Corp,INTC,RAYMOND JAMES,SRINI PAJJURI,                             ,OUTPERFORM                   ,35.0,42.0,36.83,36.99,35.51,78.0,5.170000000000002
2023-07-28,Intel Corp,INTC,,QUINN BOLTON,Buy,Buy,40.0,40.0,36.83,36.99,35.51,31.0,3.1700000000000017
2023-07-28,Intel Corp,INTC,DEUTSCHE BANK,ROSS SEYMORE,Hold,Hold,38.0,38.0,36.83,36.99,35.51,28.0,1.1700000000000017
2023-07-28,Intel Corp,INTC,,CHRIS CASO,Underperform,Underperform,31.0,31.0,36.83,36.99,35.51,188.0,5.829999999999998
2023-07-28,Intel Corp,INTC,BAIRD,TRISTAN GERRA,                             ,NEUTRAL                      ,32.0,40.0,36.83,36.99,35.51,31.0,3.1700000000000017
2023-07-28,Intel Corp,INTC,SUSQUEHANNA,CHRISTOPHER ROLLAND,                             ,NEUTRAL                      ,35.0,37.0,36.83,36.99,35.51,1.0,0.1700000000000017
2023-07-28,Intel Corp,INTC,WELLS FARGO,AARON RAKERS,                             ,EQUAL WEIGHT                 ,32.0,40.0,36.83,36.99,35.51,31.0,3.1700000000000017
2023-07-28,Intel Corp,INTC,BARCLAYS,BLAYNE CURTIS,Equal Weight,Equal Weight,32.0,32.0,36.83,36.99,35.51,188.0,4.829999999999998
2023-07-28,Intel Corp,INTC,JPMORGAN,HARLAN SUR,                             ,UNDERWEIGHT                  ,30.0,35.0,36.83,36.99,35.51,3.0,1.8299999999999983
2023-07-28,Intel Corp,INTC,STIFEL,RUBEN ROY,                             ,HOLD                         ,28.0,32.0,36.83,36.99,35.51,188.0,4.829999999999998
2023-07-28,Intel Corp,INTC,MIZUHO,VIJAY RAKESH,                             ,NEUTRAL                      ,33.0,36.0,36.83,36.99,35.51,1.0,0.8299999999999983
2023-07-28,Intel Corp,INTC,WEDBUSH,MATTHEW BRYSON,Neutral,Neutral,35.0,35.0,36.83,36.99,35.51,3.0,1.8299999999999983
2023-07-24,Intel Corp,INTC,MIZUHO,VIJAY RAKESH,,NEUTRAL                      ,,33.0,33.63,34.46,33.56,18.0,0.6300000000000026
2023-07-20,Intel Corp,INTC,,CHRIS CASO,Underperform                 ,Underperform                 ,27.0,27.0,33.37,34.21,33.23,261.0,6.369999999999997
2023-07-19,Intel Corp,INTC,SUSQUEHANNA,CHRISTOPHER ROLLAND,Neutral,Neutral,35.0,35.0,34.46,34.84,34.33,6.0,0.5399999999999991
2023-07-18,Intel Corp,INTC,CITI,CHRISTOPHER DANELY,Neutral,Neutral,34.0,34.0,34.5,34.7,33.83,2.0,0.5
2023-07-11,Intel Corp,INTC,CITI,CHRISTOPHER DANELY,Neutral,Neutral,29.5,29.5,33.3,33.36,32.5,267.0,3.799999999999997
2023-06-22,Intel Corp,INTC,JEFFERIES,MARK LIPACIS,                             ,HOLD                         ,32.0,35.0,32.71,33.24,32.13,24.0,2.289999999999999
2023-06-22,Intel Corp,INTC,MIZUHO,VIJAY RAKESH,Neutral,Neutral,30.0,30.0,32.71,33.24,32.13,221.0,2.710000000000001
2023-06-22,Intel Corp,INTC,,QUINN BOLTON,Buy,Buy,36.0,36.0,32.71,33.24,32.13,25.0,3.289999999999999
2023-06-22,Intel Corp,INTC,BENCHMARK,CODY ACREE,BUY,BUY,,39.0,32.71,33.24,32.13,56.0,6.289999999999999
2023-06-16,Intel Corp,INTC,MORGAN STANLEY,JOSEPH MOORE,Equal Weight                 ,Equal Weight                 ,38.0,38.0,36.37,36.8,35.6,56.0,1.6300000000000026
2023-05-31,Intel Corp,INTC,DEUTSCHE BANK,ROSS SEYMORE,Hold,Hold,32.0,32.0,31.44,32.29,29.67,8.0,0.5599999999999987
2023-05-10,Intel Corp,INTC,BAML,VIVEK ARYA,                             ,UNDERPERFORM                 ,25.0,28.0,29.97,30.4,29.49,11.0,1.9699999999999989
2023-04-28,Intel Corp,INTC,BENCHMARK,CODY ACREE,BUY,HOLD,,39.0,31.06,32.57,30.81,93.0,7.940000000000001
2023-04-28,Intel Corp,INTC,MORGAN STANLEY,JOSEPH MOORE,                             ,                             ,28.0,31.0,31.06,32.57,30.81,1.0,0.05999999999999872
2023-04-28,Intel Corp,INTC,JPMORGAN,HARLAN SUR,                             ,UNDERWEIGHT                  ,28.0,30.0,31.06,32.57,30.81,2.0,1.0599999999999987
2023-04-28,Intel Corp,INTC,CITI,CHRISTOPHER DANELY,Neutral,Neutral,29.5,29.5,31.06,32.57,30.81,8.0,1.5599999999999987
2023-04-28,Intel Corp,INTC,TRUIST,WILLIAM STEIN,                             ,HOLD                         ,29.0,32.0,31.06,32.57,30.81,22.0,0.9400000000000013
2023-04-28,Intel Corp,INTC,WELLS FARGO,AARON RAKERS,                             ,EQUAL WEIGHT                 ,26.0,32.0,31.06,32.57,30.81,22.0,0.9400000000000013
2023-04-28,Intel Corp,INTC,WEDBUSH,MATTHEW BRYSON,UNDERPERFORM,NEUTRAL,20.0,30.0,31.06,32.57,30.81,2.0,1.0599999999999987
2023-04-28,Intel Corp,INTC,BARCLAYS,BLAYNE CURTIS,                             ,                             ,27.0,30.0,31.06,32.57,30.81,2.0,1.0599999999999987
2023-04-28,Intel Corp,INTC,,QUINN BOLTON,Buy,Buy,36.0,36.0,31.06,32.57,30.81,33.0,4.940000000000001
2023-04-28,Intel Corp,INTC,MIZUHO,VIJAY RAKESH,                             ,NEUTRAL                      ,29.0,30.0,31.06,32.57,30.81,2.0,1.0599999999999987
2023-04-20,Intel Corp,INTC,SUSQUEHANNA,CHRISTOPHER ROLLAND,                             ,                             ,31.0,33.0,30.86,31.25,30.71,36.0,2.1400000000000006
2023-04-17,Intel Corp,INTC,CITI,CHRISTOPHER DANELY,,NEUTRAL                      ,,32.0,32.14,32.64,31.77,1.0,0.14000000000000057
2023-04-03,Intel Corp,INTC,BERNSTEIN,STACY RASGON,MARKET PERFORM,UNDERPERFORM,,30.0,32.89,33.56,32.54,14.0,2.8900000000000006
2023-03-30,Intel Corp,INTC,WEDBUSH,MATTHEW BRYSON,Underperform                 ,Underperform                 ,20.0,20.0,32.09,32.58,31.81,338.0,12.090000000000003
2023-03-30,Intel Corp,INTC,MORGAN STANLEY,JOSEPH MOORE,,EQUAL WEIGHT                 ,,28.0,32.09,32.58,31.81,39.0,4.090000000000003
2023-03-30,Intel Corp,INTC,RAYMOND JAMES,SRINI PAJJURI,                             ,OUTPERFORM                   ,33.0,35.0,32.09,32.58,31.81,52.0,2.9099999999999966
2023-03-30,Intel Corp,INTC,DEUTSCHE BANK,ROSS SEYMORE,                             ,HOLD                         ,28.0,32.0,32.09,32.58,31.81,1.0,0.09000000000000341
2023-03-30,Intel Corp,INTC,MIZUHO,VIJAY RAKESH,Neutral                      ,Neutral                      ,29.0,29.0,32.09,32.58,31.81,17.0,3.0900000000000034
2023-03-20,Intel Corp,INTC,RAYMOND JAMES,SRINI PAJJURI,,OUTPERFORM                   ,,33.0,29.16,29.9,28.63,10.0,3.84
2023-03-16,Intel Corp,INTC,SUSQUEHANNA,CHRISTOPHER ROLLAND,NEGATIVE,NEUTRAL,,26.0,30.18,30.27,28.39,347.0,4.18
2023-03-01,Intel Corp,INTC,RAYMOND JAMES,SRINI PAJJURI,,OUTPERFORM                   ,,30.0,25.33,25.92,24.97,11.0,4.670000000000002
2023-02-23,Intel Corp,INTC,,QUINN BOLTON,Buy                          ,Buy                          ,32.0,32.0,25.61,26.08,25.32,25.0,6.390000000000001
2023-02-23,Intel Corp,INTC,MORGAN STANLEY,JOSEPH MOORE,EQUAL WEIGHT,UNDERWEIGHT,28.0,30.0,25.61,26.08,25.32,15.0,4.390000000000001
2023-02-22,Intel Corp,INTC,TRUIST,WILLIAM STEIN,,HOLD                         ,,29.0,25.47,26.9,25.3,16.0,3.530000000000001
2023-02-22,Intel Corp,INTC,MIZUHO,VIJAY RAKESH,,NEUTRAL                      ,,29.0,25.47,26.9,25.3,16.0,3.530000000000001
2023-01-27,Intel Corp,INTC,WEDBUSH,MATTHEW BRYSON,Underperform                 ,Underperform                 ,20.0,20.0,28.16,28.24,26.78,381.0,8.16
2023-01-27,Intel Corp,INTC,TRUIST,WILLIAM STEIN,                             ,HOLD                         ,33.0,29.0,28.16,28.24,26.78,3.0,0.8399999999999999
2023-01-27,Intel Corp,INTC,DEUTSCHE BANK,ROSS SEYMORE,                             ,HOLD                         ,32.0,28.0,28.16,28.24,26.78,1.0,0.16000000000000014
2023-01-27,Intel Corp,INTC,CREDIT SUISSE,CHRIS CASO,                             ,NEUTRAL                      ,28.0,25.0,28.16,28.24,26.78,19.0,3.16
2023-01-27,Intel Corp,INTC,BARCLAYS,BLAYNE CURTIS,Equal Weight                 ,Equal Weight                 ,27.0,27.0,28.16,28.24,26.78,16.0,1.1600000000000001
2023-01-27,Intel Corp,INTC,JPMORGAN,HARLAN SUR,                             ,UNDERWEIGHT                  ,32.0,28.0,28.16,28.24,26.78,1.0,0.16000000000000014
2023-01-27,Intel Corp,INTC,WELLS FARGO,AARON RAKERS,Equal Weight                 ,Equal Weight                 ,26.0,26.0,28.16,28.24,26.78,17.0,2.16
2023-01-27,Intel Corp,INTC,MIZUHO,VIJAY RAKESH,                             ,NEUTRAL                      ,32.0,29.0,28.16,28.24,26.78,3.0,0.8399999999999999
2023-01-27,Intel Corp,INTC,NORTHLAND CAPITAL MARKETS,GUS RICHARD,                             ,OUTPERFORM                   ,52.0,45.0,28.16,28.24,26.78,211.0,16.84
2023-01-27,Intel Corp,INTC,BAIRD,TRISTAN GERRA,                             ,NEUTRAL                      ,34.0,32.0,28.16,28.24,26.78,43.0,3.84
2023-01-27,Intel Corp,INTC,BAML,VIVEK ARYA,Underperform                 ,Underperform                 ,25.0,25.0,28.16,28.24,26.78,19.0,3.16
2023-01-27,Intel Corp,INTC,SUSQUEHANNA,CHRISTOPHER ROLLAND,                             ,NEGATIVE                     ,24.0,23.0,28.16,28.24,26.78,380.0,5.16
2023-01-23,Intel Corp,INTC,SUSQUEHANNA,CHRISTOPHER ROLLAND,,                             ,,24.0,30.27,30.49,29.18,384.0,6.27
2023-01-23,Intel Corp,INTC,TRUIST,WILLIAM STEIN,HOLD,POSITIVE,,33.0,30.27,30.49,29.18,49.0,2.7300000000000004
2022-11-22,Intel Corp,INTC,MIZUHO,VIJAY RAKESH,,NEUTRAL                      ,,32.0,29.82,29.86,29.06,87.0,2.1799999999999997
2022-11-16,Intel Corp,INTC,,CHRIS CASO,Neutral                      ,Neutral                      ,28.0,28.0,29.53,30.23,29.44,17.0,1.5300000000000011
2022-11-11,Intel Corp,INTC,JPMORGAN,HARLAN SUR,Underweight                  ,Underweight                  ,32.0,32.0,30.43,30.63,28.87,94.0,1.5700000000000003
2022-10-31,Intel Corp,INTC,BAIRD,TRISTAN GERRA,,NEUTRAL                      ,,34.0,28.43,29.18,28.05,155.0,5.57
2022-10-31,Intel Corp,INTC,CITI,CHRISTOPHER DANELY,,NEUTRAL                      ,,27.0,28.43,29.18,28.05,33.0,1.4299999999999997
2022-10-28,Intel Corp,INTC,BARCLAYS,BLAYNE CURTIS,EQUAL WEIGHT,UNDERWEIGHT,,30.0,29.07,29.22,27.86,10.0,0.9299999999999997
2022-10-28,Intel Corp,INTC,,WILLIAM STEIN,Hold                         ,Hold                         ,29.0,29.0,29.07,29.22,27.86,1.0,0.07000000000000028
2022-10-18,Intel Corp,INTC,DEUTSCHE BANK,ROSS SEYMORE,                             ,HOLD                         ,35.0,32.0,25.87,26.96,25.54,112.0,6.129999999999999
2022-10-12,Intel Corp,INTC,BARCLAYS,BLAYNE CURTIS,Underweight                  ,Underweight                  ,30.0,30.0,25.33,25.52,24.66,22.0,4.670000000000002
2022-10-11,Intel Corp,INTC,WELLS FARGO,AARON RAKERS,                             ,EQUAL WEIGHT                 ,45.0,32.0,25.04,25.48,24.69,117.0,6.960000000000001
2022-09-08,Intel Corp,INTC,DEUTSCHE BANK,ROSS SEYMORE,                             ,HOLD                         ,38.0,35.0,30.75,30.85,29.91,192.0,4.25
2022-09-08,Intel Corp,INTC,,RUBEN ROY,Hold                         ,Hold                         ,32.0,32.0,30.75,30.85,29.91,140.0,1.25
2022-08-02,Intel Corp,INTC,DZ BANK,INGO WERMANN,HOLD,SELL,,30.0,36.01,36.66,36.0,26.0,6.009999999999998
2022-07-29,Intel Corp,INTC,TRUIST,WILLIAM STEIN,                             ,HOLD                         ,49.0,40.0,36.31,36.62,35.24,281.0,3.6899999999999977
2022-07-29,Intel Corp,INTC,JEFFERIES,MARK LIPACIS,                             ,HOLD                         ,48.0,37.0,36.31,36.62,35.24,1.0,0.6899999999999977
2022-07-29,Intel Corp,INTC,ROTH MKM,SUJI DESILVA,                             ,NEUTRAL                      ,48.0,40.0,36.31,36.62,35.24,281.0,3.6899999999999977
2022-07-29,Intel Corp,INTC,BARCLAYS,BLAYNE CURTIS,                             ,UNDERWEIGHT                  ,40.0,35.0,36.31,36.62,35.24,7.0,1.3100000000000023
2022-07-29,Intel Corp,INTC,,TIMOTHY ARCURI,Neutral                      ,Neutral                      ,41.0,41.0,36.31,36.62,35.24,328.0,4.689999999999998
2022-07-29,Intel Corp,INTC,WEDBUSH,MATTHEW BRYSON,                             ,UNDERPERFORM                 ,44.0,35.0,36.31,36.62,35.24,7.0,1.3100000000000023
2022-07-29,Intel Corp,INTC,DEUTSCHE BANK,ROSS SEYMORE,Hold                         ,Hold                         ,38.0,38.0,36.31,36.62,35.24,278.0,1.6899999999999977
2022-07-29,Intel Corp,INTC,,KEVIN CASSIDY,Sell                         ,Sell                         ,30.0,30.0,36.31,36.62,35.24,28.0,6.310000000000002
2022-07-29,Intel Corp,INTC,MORGAN STANLEY,JOSEPH MOORE,Underweight                  ,Underweight                  ,35.0,35.0,36.31,36.62,35.24,7.0,1.3100000000000023
2022-07-29,Intel Corp,INTC,SUSQUEHANNA,CHRISTOPHER ROLLAND,NEUTRAL,NEGATIVE,40.0,33.0,36.31,36.62,35.24,21.0,3.3100000000000023
2022-07-29,Intel Corp,INTC,BAIRD,TRISTAN GERRA,NEUTRAL,OUTPERFORM,60.0,40.0,36.31,36.62,35.24,281.0,3.6899999999999977
2022-07-20,Intel Corp,INTC,DEUTSCHE BANK,ROSS SEYMORE,                             ,HOLD                         ,55.0,45.0,40.56,40.67,39.56,343.0,4.439999999999998
2022-07-19,Intel Corp,INTC,SUSQUEHANNA,CHRISTOPHER ROLLAND,NEUTRAL,NEUTRAL,42.0,40.0,40.22,40.73,39.24,1.0,0.21999999999999886
2022-07-13,Intel Corp,INTC,SUSQUEHANNA,CHRISTOPHER ROLLAND,                             ,NEUTRAL                      ,50.0,45.0,37.21,37.43,36.62,348.0,7.789999999999999
2022-07-11,Intel Corp,INTC,BARCLAYS,BLAYNE CURTIS,,UNDERWEIGHT                  ,,40.0,37.2,37.68,37.03,6.0,2.799999999999997
2022-06-29,Intel Corp,INTC,BAML,VIVEK ARYA,                             ,UNDERPERFORM                 ,47.0,39.0,37.29,37.6,37.02,12.0,1.7100000000000009
2022-06-08,Intel Corp,INTC,BAML,VIVEK ARYA,,UNDERPERFORM                 ,,47.0,41.23,42.26,41.03,382.0,5.770000000000003
2022-06-08,Intel Corp,INTC,CITI,CHRISTOPHER DANELY,,NEUTRAL                      ,,45.0,41.23,42.26,41.03,371.0,3.770000000000003
2022-04-08,Intel Corp,INTC,TRUIST,WILLIAM STEIN,                             ,HOLD                         ,53.0,49.0,47.02,47.58,46.85,430.0,1.9799999999999969
2022-03-03,Intel Corp,INTC,MORGAN STANLEY,JOSEPH MOORE,                             ,UNDERWEIGHT                  ,55.0,47.0,47.93,48.55,47.62,3.0,0.9299999999999997
2022-02-22,Intel Corp,INTC,ROTH MKM,SUJI DESILVA,,NEUTRAL                      ,,48.0,44.69,45.41,43.85,6.0,3.3100000000000023
2022-02-18,Intel Corp,INTC,JEFFERIES,MARK LIPACIS,HOLD,HOLD,,48.0,45.04,46.21,44.51,7.0,2.960000000000001
2022-02-18,Intel Corp,INTC,BAML,VIVEK ARYA,,UNDERPERFORM                 ,,52.0,45.04,46.21,44.51,26.0,6.960000000000001
2022-02-18,Intel Corp,INTC,BARCLAYS,BLAYNE CURTIS,                             ,UNDERWEIGHT                  ,50.0,45.0,45.04,46.21,44.51,1.0,0.03999999999999915
2022-01-27,Intel Corp,INTC,BAML,VIVEK ARYA,                             ,UNDERPERFORM                 ,55.0,52.0,48.05,50.06,47.78,42.0,3.950000000000003
2022-01-13,Intel Corp,INTC,BARCLAYS,BLAYNE CURTIS,Underweight                  ,Underweight                  ,50.0,50.0,54.94,56.21,54.77,6.0,4.939999999999998
2021-12-08,Intel Corp,INTC,BAML,VIVEK ARYA,                             ,UNDERPERFORM                 ,45.0,50.0,51.75,52.88,51.38,3.0,1.75
2021-12-07,Intel Corp,INTC,NORTHLAND CAPITAL MARKETS,GUS RICHARD,,MARKET PERFORM               ,,49.0,52.57,55.0,52.21,9.0,3.5700000000000003
2021-12-07,Intel Corp,INTC,MORGAN STANLEY,JOSEPH MOORE,,                             ,,55.0,52.57,55.0,52.21,20.0,2.4299999999999997
2021-11-01,Intel Corp,INTC,NORTHLAND CAPITAL MARKETS,GUS RICHARD,UNDERPERFORM,MARKET PERFORM,,49.0,49.55,49.6,49.0,13.0,0.5499999999999972
2021-10-22,Intel Corp,INTC,BAML,VIVEK ARYA,                             ,                             ,52.0,45.0,49.46,50.55,49.14,82.0,4.460000000000001
2021-10-22,Intel Corp,INTC,CITI,CHRISTOPHER DANELY,                             ,NEUTRAL                      ,57.0,52.0,49.46,50.55,49.14,31.0,2.539999999999999
2021-10-22,Intel Corp,INTC,EVERCORE,C J MUSE,                             ,UNDERPERFORM                 ,60.0,55.0,49.46,50.55,49.14,31.0,5.539999999999999
2021-10-22,Intel Corp,INTC,MIZUHO,VIJAY RAKESH,NEUTRAL,BUY,70.0,55.0,49.46,50.55,49.14,31.0,5.539999999999999
2021-10-22,Intel Corp,INTC,DEUTSCHE BANK,ROSS SEYMORE,                             ,HOLD                         ,58.0,55.0,49.46,50.55,49.14,31.0,5.539999999999999
2021-10-22,Intel Corp,INTC,MORGAN STANLEY,JOSEPH MOORE,Overweight,Equal Weight,55.0,55.0,49.46,50.55,49.14,31.0,5.539999999999999
2021-10-22,Intel Corp,INTC,BARCLAYS,BLAYNE CURTIS,                             ,UNDERWEIGHT                  ,50.0,45.0,49.46,50.55,49.14,82.0,4.460000000000001
2021-10-22,Intel Corp,INTC,TRUIST,WILLIAM STEIN,                             ,HOLD                         ,60.0,52.0,49.46,50.55,49.14,31.0,2.539999999999999
2021-10-22,Intel Corp,INTC,NORTHLAND CAPITAL MARKETS,GUS RICHARD,,UNDERPERFORM                 ,,42.0,49.46,50.55,49.14,144.0,7.460000000000001
2021-10-22,Intel Corp,INTC,ROTH MKM,SUJI DESILVA,                             ,NEUTRAL                      ,60.0,53.0,49.46,50.55,49.14,31.0,3.539999999999999
2021-07-23,Intel Corp,INTC,JEFFERIES,MARK LIPACIS,                             ,HOLD                         ,54.0,52.0,53.0,54.71,52.32,19.0,1.0
2021-07-23,Intel Corp,INTC,BARCLAYS,BLAYNE CURTIS,                             ,UNDERWEIGHT                  ,58.0,50.0,53.0,54.71,52.32,64.0,3.0
2021-06-18,Intel Corp,INTC,JEFFERIES,MARK LIPACIS,Hold                         ,Hold                         ,54.0,54.0,55.67,56.75,55.1,20.0,1.6700000000000017
2021-05-25,Intel Corp,INTC,WESTPARK,RUBEN ROY,,HOLD                         ,,55.0,56.87,57.56,56.42,30.0,1.8699999999999974
2021-03-24,Intel Corp,INTC,ROTH MKM,SUJI DESILVA,                             ,NEUTRAL                      ,60.0,65.0,62.04,67.44,61.99,3.0,2.960000000000001
2021-03-24,Intel Corp,INTC,CITI,CHRISTOPHER DANELY,POSITIVE,POSITIVE,,65.0,62.04,67.44,61.99,3.0,2.960000000000001
2021-03-24,Intel Corp,INTC,JEFFERIES,MARK LIPACIS,                             ,HOLD                         ,57.0,59.0,62.04,67.44,61.99,21.0,3.039999999999999
2021-03-24,Intel Corp,INTC,LOOP CAPITAL,CODY ACREE,                             ,SELL                         ,50.0,55.0,62.04,67.44,61.99,33.0,7.039999999999999
2021-03-23,Intel Corp,INTC,BARCLAYS,BLAYNE CURTIS,                             ,UNDERWEIGHT                  ,53.0,58.0,63.48,66.05,63.17,22.0,5.479999999999997
2021-03-18,Intel Corp,INTC,BAML,VIVEK ARYA,,UNDERPERFORM                 ,,58.0,63.73,65.7,63.65,25.0,5.729999999999997
2021-02-01,Intel Corp,INTC,NORTHLAND CAPITAL MARKETS,GUS RICHARD,MARKET PERFORM,UNDERPERFORM,,46.0,56.69,57.39,55.71,266.0,10.689999999999998
2021-01-22,Intel Corp,INTC,MIZUHO,VIJAY RAKESH,BUY,BUY,60.0,68.0,56.66,59.62,56.65,53.0,11.340000000000003
2021-01-22,Intel Corp,INTC,BARCLAYS,BLAYNE CURTIS,                             ,UNDERWEIGHT                  ,50.0,53.0,56.66,59.62,56.65,126.0,3.6599999999999966
2021-01-22,Intel Corp,INTC,WEDBUSH,MATTHEW BRYSON,                             ,UNDERPERFORM                 ,48.0,53.0,56.66,59.62,56.65,126.0,3.6599999999999966
2021-01-22,Intel Corp,INTC,ROTH MKM,SUJI DESILVA,                             ,NEUTRAL                      ,50.0,60.0,56.66,59.62,56.65,14.0,3.3400000000000034
2021-01-22,Intel Corp,INTC,TRUIST,WILLIAM STEIN,Hold                         ,Hold                         ,64.0,64.0,56.66,59.62,56.65,32.0,7.340000000000003
2021-01-22,Intel Corp,INTC,JEFFERIES,MARK LIPACIS,                             ,HOLD                         ,53.0,57.0,56.66,59.62,56.65,4.0,0.3400000000000034
2021-01-22,Intel Corp,INTC,SUSQUEHANNA,CHRISTOPHER ROLLAND,                             ,NEUTRAL                      ,54.0,60.0,56.66,59.62,56.65,14.0,3.3400000000000034
2021-01-19,Intel Corp,INTC,BAML,VIVEK ARYA,,UNDERPERFORM                 ,,58.0,57.99,58.34,57.1,1.0,0.00999999999999801
2021-01-15,Intel Corp,INTC,DZ BANK,INGO WERMANN,SELL,HOLD,,62.0,57.58,59.65,57.5,3.0,4.420000000000002
2021-01-14,Intel Corp,INTC,JEFFERIES,MARK LIPACIS,,HOLD                         ,,50.0,59.25,60.14,57.84,195.0,9.25
2021-01-14,Intel Corp,INTC,CITI,CHRISTOPHER DANELY,                             ,NEUTRAL                      ,50.0,55.0,59.25,60.14,57.84,6.0,4.25
2021-01-14,Intel Corp,INTC,NORTHLAND CAPITAL MARKETS,GUS RICHARD,,MARKET PERFORM               ,,46.0,59.25,60.14,57.84,277.0,13.25
2021-01-13,Intel Corp,INTC,SMBC NIKKO,SRINI PAJJURI,,OUTPERFORM                   ,,65.0,56.95,60.25,56.9,42.0,8.049999999999997
2021-01-13,Intel Corp,INTC,EVERCORE,C J MUSE,                             ,IN LINE                      ,55.0,68.0,56.95,60.25,56.9,59.0,11.049999999999997
2021-01-13,Intel Corp,INTC,SUSQUEHANNA,CHRISTOPHER ROLLAND,NEUTRAL,NEUTRAL.,50.0,54.0,56.95,60.25,56.9,9.0,2.950000000000003
2020-12-30,Intel Corp,INTC,MORGAN STANLEY,JOSEPH MOORE,,                             ,,60.0,48.75,49.19,48.56,9.0,11.25
2020-12-21,Intel Corp,INTC,CITI,CHRISTOPHER DANELY,,NEUTRAL                      ,,50.0,46.36,46.45,45.24,5.0,3.6400000000000006
2020-12-15,Intel Corp,INTC,SUSQUEHANNA,CHRISTOPHER ROLLAND,,NEUTRAL                      ,,50.0,50.67,51.01,50.21,3.0,0.6700000000000017
2020-11-13,Intel Corp,INTC,MIZUHO,VIJAY RAKESH,BUY,BUY,,60.0,45.46,45.58,44.97,40.0,14.54
2020-11-13,Intel Corp,INTC,MORGAN STANLEY,JOSEPH MOORE,,EQUAL WEIGHT                 ,,56.0,45.46,45.58,44.97,40.0,10.54
2020-11-02,Intel Corp,INTC,NORTHLAND CAPITAL MARKETS,GUS RICHARD,UNDERPERFORM,MARKET PERFORM,,46.0,44.46,45.06,44.24,2.0,1.5399999999999991
2020-10-23,Intel Corp,INTC,MIZUHO,VIJAY RAKESH,                             ,BUY                          ,63.0,60.0,48.2,48.67,47.66,55.0,11.799999999999997
2020-10-23,Intel Corp,INTC,CITI,CHRISTOPHER DANELY,                             ,NEUTRAL                      ,53.0,50.0,48.2,48.67,47.66,26.0,1.7999999999999972
2020-10-23,Intel Corp,INTC,TRUIST,WILLIAM STEIN,                             ,HOLD                         ,61.0,51.0,48.2,48.67,47.66,28.0,2.799999999999997
2020-10-23,Intel Corp,INTC,ROTH MKM,SUJI DESILVA,NEUTRAL,IN LINE,55.0,50.0,48.2,48.67,47.66,26.0,1.7999999999999972
2020-10-23,Intel Corp,INTC,NORTHLAND CAPITAL MARKETS,GUS RICHARD,UNDERPERFORM,UNDERPERFORM,48.0,46.0,48.2,48.67,47.66,2.0,2.200000000000003
2020-10-23,Intel Corp,INTC,UBS,TIMOTHY ARCURI,                             ,BUY                          ,67.0,62.0,48.2,48.67,47.66,60.0,13.799999999999997
2020-10-23,Intel Corp,INTC,,KEVIN CASSIDY,Sell                         ,Sell                         ,40.0,40.0,48.2,48.67,47.66,410.0,8.200000000000003
2020-10-23,Intel Corp,INTC,DEUTSCHE BANK,ROSS SEYMORE,                             ,HOLD                         ,60.0,55.0,48.2,48.67,47.66,55.0,6.799999999999997
2020-10-23,Intel Corp,INTC,MORGAN STANLEY,JOSEPH MOORE,                             ,                             ,61.0,56.0,48.2,48.67,47.66,55.0,7.799999999999997
2020-10-21,Intel Corp,INTC,SUSQUEHANNA,CHRISTOPHER ROLLAND,                             ,NEUTRAL                      ,53.0,56.0,53.5,54.07,52.82,57.0,2.5
2020-10-15,Intel Corp,INTC,NORTHLAND CAPITAL MARKETS,GUS RICHARD,,UNDERPERFORM                 ,,48.0,53.85,53.98,52.62,6.0,5.850000000000001
2020-10-14,Intel Corp,INTC,UBS,TIMOTHY ARCURI,                             ,BUY                          ,64.0,67.0,53.55,54.4,53.51,110.0,13.450000000000003
2020-08-17,Intel Corp,INTC,BAML,VIVEK ARYA,,                             ,,55.0,48.93,49.31,48.73,44.0,6.07
2020-08-04,Intel Corp,INTC,JEFFERIES,MARK LIPACIS,                             ,HOLD                         ,62.0,54.0,49.13,49.14,48.5,48.0,4.869999999999997
2020-07-27,Intel Corp,INTC,BAIRD,TRISTAN GERRA,,OUTPERFORM                   ,,65.0,49.57,51.14,49.47,160.0,15.43
2020-07-24,Intel Corp,INTC,NORTHLAND CAPITAL MARKETS,GUS RICHARD,UNDERPERFORM,MARKET PERFORM,60.0,48.0,50.59,52.18,49.5,3.0,2.5900000000000034
2020-07-24,Intel Corp,INTC,SUSQUEHANNA,CHRISTOPHER ROLLAND,                             ,NEUTRAL                      ,58.0,53.0,50.59,52.18,49.5,53.0,2.4099999999999966
2020-07-24,Intel Corp,INTC,BERNSTEIN,STACY RASGON,MARKET PERFORM,UNDERPERFORM,55.0,45.0,50.59,52.18,49.5,67.0,5.590000000000003
2020-07-24,Intel Corp,INTC,DEUTSCHE BANK,ROSS SEYMORE,HOLD,BUY,70.0,60.0,50.59,52.18,49.5,119.0,9.409999999999997
2020-07-24,Intel Corp,INTC,BARCLAYS,BLAYNE CURTIS,                             ,UNDERWEIGHT                  ,58.0,48.0,50.59,52.18,49.5,3.0,2.5900000000000034
2020-07-24,Intel Corp,INTC,WELLS FARGO,AARON RAKERS,                             ,EQUAL WEIGHT                 ,60.0,55.0,50.59,52.18,49.5,60.0,4.409999999999997
2020-07-24,Intel Corp,INTC,LOOP CAPITAL,CODY ACREE,                             ,SELL                         ,59.0,50.0,50.59,52.18,49.5,1.0,0.5900000000000034
2020-07-24,Intel Corp,INTC,ROTH MKM,SUJI DESILVA,BUY,NEUTRAL,75.0,55.0,50.59,52.18,49.5,60.0,4.409999999999997
2020-07-24,Intel Corp,INTC,CITI,CHRISTOPHER DANELY,                             ,NEUTRAL                      ,58.0,53.0,50.59,52.18,49.5,53.0,2.4099999999999966
2020-07-24,Intel Corp,INTC,MIZUHO,VIJAY RAKESH,                             ,BUY                          ,67.0,63.0,50.59,52.18,49.5,124.0,12.409999999999997
2020-07-24,Intel Corp,INTC,UBS,TIMOTHY ARCURI,                             ,BUY                          ,70.0,64.0,50.59,52.18,49.5,157.0,13.409999999999997
2020-07-24,Intel Corp,INTC,MORGAN STANLEY,JOSEPH MOORE,                             ,                             ,65.0,61.0,50.59,52.18,49.5,124.0,10.409999999999997
2020-07-24,Intel Corp,INTC,BAML,VIVEK ARYA,NEUTRAL,BUY,70.0,62.0,50.59,52.18,49.5,124.0,11.409999999999997
2020-07-14,Intel Corp,INTC,SUSQUEHANNA,CHRISTOPHER ROLLAND,,NEUTRAL                      ,,58.0,58.98,59.25,57.35,8.0,0.9799999999999969
2020-07-06,Intel Corp,INTC,,JAMES COVELLO,Neutral, Sell     ,65.0,54.0,59.54,59.62,58.6,14.0,5.539999999999999
2020-06-16,Intel Corp,INTC,MORGAN STANLEY,JOSEPH MOORE,OVERWEIGHT,OVERWEIGHT,65.0,61.0,60.4,61.65,59.49,1.0,0.6000000000000014
2020-04-24,Intel Corp,INTC,BERNSTEIN,STACY RASGON,                             ,                             ,50.0,55.0,59.26,59.4,56.1,63.0,4.259999999999998
2020-04-24,Intel Corp,INTC,TRUIST,WILLIAM STEIN,Hold                         ,Hold                         ,59.0,59.0,59.26,59.4,56.1,1.0,0.259999999999998
2020-04-24,Intel Corp,INTC,MORGAN STANLEY,JOSEPH MOORE,OVERWEIGHT,OVERWEIGHT,,61.0,59.26,59.4,56.1,3.0,1.740000000000002
2020-04-24,Intel Corp,INTC,WELLS FARGO,AARON RAKERS,                             ,EQUAL WEIGHT                 ,56.0,60.0,59.26,59.4,56.1,2.0,0.740000000000002
2020-04-24,Intel Corp,INTC,WEDBUSH,MATTHEW BRYSON,Underperform                 ,Underperform                 ,51.0,51.0,59.26,59.4,56.1,63.0,8.259999999999998
2020-04-22,Intel Corp,INTC,JEFFERIES,MARK LIPACIS,BUY,POSITIVE,53.0,62.0,60.1,60.5,57.81,5.0,1.8999999999999986
2020-04-21,Intel Corp,INTC,SUSQUEHANNA,CHRISTOPHER ROLLAND,,NEUTRAL                      ,,56.0,56.36,58.6,55.93,66.0,0.35999999999999943
2020-04-01,Intel Corp,INTC,BARCLAYS,BLAYNE CURTIS,                             ,UNDERWEIGHT                  ,52.0,58.0,51.88,54.69,51.43,3.0,6.119999999999997
2020-03-30,Intel Corp,INTC,CITI,CHRISTOPHER DANELY,,NEUTRAL                      ,,58.0,55.49,56.1,52.83,5.0,2.509999999999998
2020-03-26,Intel Corp,INTC,BERNSTEIN,STACY RASGON,UNDERPERFORM,MARKET PERFORM,,50.0,55.54,55.95,51.66,83.0,5.539999999999999
2020-03-25,Intel Corp,INTC,ARGUS,JIM KELLEHER,HOLD,BUY,,65.0,51.26,53.79,49.91,50.0,13.740000000000002
2020-03-24,Intel Corp,INTC,,JAMES COVELLO,Neutral                      ,Neutral                      ,54.0,54.0,52.4,54.64,51.35,2.0,1.6000000000000014
2020-03-18,Intel Corp,INTC,MORGAN STANLEY,JOSEPH MOORE,Overweight                   ,Overweight                   ,61.0,61.0,47.61,50.05,45.2,14.0,13.39
2020-03-16,Intel Corp,INTC,THINK EQUITY,ASHOK KUMAR,,BUY                          ,,60.0,44.61,52.25,43.63,16.0,15.39
2020-01-27,Intel Corp,INTC,CITI,CHRISTOPHER DANELY,Neutral                      ,Neutral                      ,67.0,67.0,65.69,67.42,65.6,1.0,1.3100000000000023
2020-01-24,Intel Corp,INTC,WEDBUSH,MATTHEW BRYSON,                             ,                             ,46.0,52.5,68.47,69.29,66.46,30.0,15.969999999999999
2020-01-24,Intel Corp,INTC,BERNSTEIN,STACY RASGON,                             ,                             ,42.0,50.0,68.47,69.29,66.46,30.0,18.47
2020-01-24,Intel Corp,INTC,SUSQUEHANNA,CHRISTOPHER ROLLAND,                             ,NEUTRAL                      ,53.0,62.0,68.47,69.29,66.46,20.0,6.469999999999999
2020-01-24,Intel Corp,INTC,LOOP CAPITAL,CODY ACREE,SELL,HOLD,59.0,50.0,68.47,69.29,66.46,30.0,18.47
2020-01-21,Intel Corp,INTC,JEFFERIES,MARK LIPACIS,,                             ,,64.0,60.55,61.25,59.79,3.0,3.450000000000003
2020-01-17,Intel Corp,INTC,CITI,CHRISTOPHER DANELY,Neutral                      ,Neutral                      ,60.0,60.0,59.6,60.0,59.24,1.0,0.3999999999999986
2019-12-18,Intel Corp,INTC,MORGAN STANLEY,JOSEPH MOORE,Overweight                   ,Overweight                   ,66.0,66.0,57.17,57.46,56.94,24.0,8.829999999999998
2019-11-18,Intel Corp,INTC,MIZUHO,VIJAY RAKESH,,BUY                          ,,60.0,58.25,58.48,57.57,27.0,1.75
2019-11-05,Intel Corp,INTC,NORTHLAND CAPITAL MARKETS,GUS RICHARD,,OUTPERFORM                   ,,69.0,57.55,58.35,57.21,54.0,11.450000000000003
2019-10-25,Intel Corp,INTC,NORTHLAND CAPITAL MARKETS,GUS RICHARD,OUTPERFORM,MARKET PERFORM,48.0,69.0,56.46,56.61,53.92,61.0,12.54
2019-10-25,Intel Corp,INTC,MORGAN STANLEY,JOSEPH MOORE,,OVERWEIGHT                   ,,65.0,56.46,56.61,53.92,61.0,8.54
2019-10-25,Intel Corp,INTC,JPMORGAN,HARLAN SUR,                             ,"""POSITIVE                    ",64.0,68.0,56.46,56.61,53.92,61.0,11.54
2019-10-25,Intel Corp,INTC,WELLS FARGO,AARON RAKERS,Market Perform               ,Market Perform               ,53.0,53.0,56.46,56.61,53.92,91.0,3.460000000000001
2019-10-25,Intel Corp,INTC,UBS,TIMOTHY ARCURI,                             ,BUY                          ,58.0,60.0,56.46,56.61,53.92,43.0,3.539999999999999
2019-10-25,Intel Corp,INTC,BARCLAYS,BLAYNE CURTIS,                             ,UNDERWEIGHT                  ,40.0,42.0,56.46,56.61,53.92,646.0,14.46
2019-10-24,Intel Corp,INTC,BERNSTEIN,STACY RASGON,,                             ,,54.0,52.23,52.43,51.43,1.0,1.7700000000000031
2019-10-23,Intel Corp,INTC,SUSQUEHANNA,CHRISTOPHER ROLLAND,,NEUTRAL                      ,,52.0,51.72,51.96,51.2,1.0,0.28000000000000114
2019-10-21,Intel Corp,INTC,NORTHLAND CAPITAL MARKETS,GUS RICHARD,,MARKET PERFORM               ,,48.0,52.13,52.17,51.34,98.0,4.130000000000003
2019-09-04,Intel Corp,INTC,BAIRD,TRISTAN GERRA,,OUTPERFORM                   ,,65.0,48.92,48.95,47.54,98.0,16.08
2019-08-16,Intel Corp,INTC,NORTHLAND CAPITAL MARKETS,GUS RICHARD,,                             ,,48.0,46.5,46.68,46.06,12.0,1.5
2019-08-13,Intel Corp,INTC,SUSQUEHANNA,CHRISTOPHER ROLLAND,                             ,NEUTRAL                      ,54.0,52.0,46.84,47.05,45.36,18.0,5.159999999999997
2019-08-12,Intel Corp,INTC,LOOP CAPITAL,CODY ACREE,,HOLD                         ,,50.0,45.6,46.07,45.44,17.0,4.399999999999999
2019-07-26,Intel Corp,INTC,MIZUHO,VIJAY RAKESH,                             ,BUY                          ,52.0,58.0,51.59,53.5,51.53,71.0,6.409999999999997
2019-07-26,Intel Corp,INTC,DEUTSCHE BANK,ROSS SEYMORE,                             ,BUY                          ,60.0,62.0,51.59,53.5,51.53,123.0,10.409999999999997
2019-07-26,Intel Corp,INTC,ROTH MKM,SUJI DESILVA,,BUY                          ,,60.0,51.59,53.5,51.53,107.0,8.409999999999997
2019-07-26,Intel Corp,INTC,TRUIST,WILLIAM STEIN,                             ,HOLD                         ,54.0,58.0,51.59,53.5,51.53,71.0,6.409999999999997
2019-07-26,Intel Corp,INTC,MORGAN STANLEY,JOSEPH MOORE,                             ,OVERWEIGHT                   ,61.0,64.0,51.59,53.5,51.53,125.0,12.409999999999997
2019-07-26,Intel Corp,INTC,BAIRD,TRISTAN GERRA,                             ,OUTPERFORM                   ,60.0,65.0,51.59,53.5,51.53,125.0,13.409999999999997
2019-07-26,Intel Corp,INTC,RBC,AMIT DARYANANI,                             ,UNDERPERFORM                 ,41.0,47.0,51.59,53.5,51.53,6.0,4.590000000000003
2019-07-26,Intel Corp,INTC,NORTHLAND CAPITAL MARKETS,GUS RICHARD,                             ,UNDERPERFORM                 ,38.0,48.0,51.59,53.5,51.53,6.0,3.5900000000000034
2019-07-26,Intel Corp,INTC,WEDBUSH,MATTHEW BRYSON,                             ,UNDERPERFORM                 ,37.5,42.9,51.59,53.5,51.53,702.0,8.690000000000005
2019-07-11,Intel Corp,INTC,MIZUHO,VIJAY RAKESH,                             ,                             ,52.0,56.0,48.6,48.78,48.31,75.0,7.399999999999999
2019-07-01,Intel Corp,INTC,BERNSTEIN,STACY RASGON,,UNDERPERFORM                 ,,39.0,48.05,49.45,47.75,744.0,9.049999999999997
2019-06-26,Intel Corp,INTC,WEDBUSH,MATTHEW BRYSON,,UNDERPERFORM                 ,,37.5,48.19,48.48,47.56,750.0,10.689999999999998
2019-06-10,Intel Corp,INTC,MORGAN STANLEY,JOSEPH MOORE,,OVERWEIGHT                   ,,61.0,46.8,47.19,46.2,155.0,14.200000000000003
2019-05-13,Intel Corp,INTC,RBC,AMIT DARYANANI,,UNDERPERFORM                 ,,41.0,44.76,45.64,44.7,763.0,3.759999999999998
2019-05-10,Intel Corp,INTC,MIZUHO,VIJAY RAKESH,BUY,BUY,58.0,56.0,46.2,46.8,45.1,117.0,9.799999999999997
2019-05-09,Intel Corp,INTC,DEUTSCHE BANK,ROSS SEYMORE,Buy                          ,Buy                          ,60.0,60.0,46.62,48.29,46.05,161.0,13.380000000000003
2019-05-09,Intel Corp,INTC,WELLS FARGO,AARON RAKERS,                             ,NEGATIVE                     ,60.0,55.0,46.62,48.29,46.05,118.0,8.380000000000003
2019-04-26,Intel Corp,INTC,MORGAN STANLEY,JOSEPH MOORE,                             ,                             ,64.0,63.0,52.43,53.09,51.52,187.0,10.57
2019-04-26,Intel Corp,INTC,MACQUARIE,SRINI PAJJURI,                             ,OUTPERFORM                   ,62.0,60.0,52.43,53.09,51.52,170.0,7.57
2019-04-26,Intel Corp,INTC,DEUTSCHE BANK,ROSS SEYMORE,                             ,BUY                          ,65.0,62.0,52.43,53.09,51.52,186.0,9.57
2019-04-24,Intel Corp,INTC,SUSQUEHANNA,CHRISTOPHER ROLLAND,                             ,NEUTRAL                      ,50.0,54.0,58.72,59.29,58.14,2.0,4.719999999999999
2019-04-22,Intel Corp,INTC,NORTHLAND CAPITAL MARKETS,GUS RICHARD,,UNDERPERFORM                 ,,38.0,58.82,58.83,57.88,793.0,20.82
2019-04-15,Intel Corp,INTC,MACQUARIE,SRINI PAJJURI,,                             ,,62.0,56.28,56.56,55.92,194.0,5.719999999999999
2019-04-11,Intel Corp,INTC,CITI,CHRISTOPHER DANELY,,NEUTRAL                      ,,50.0,55.8,56.07,55.63,17.0,5.799999999999997
2019-04-03,Intel Corp,INTC,ROTH MKM,RUBEN ROY,,BUY                          ,,58.0,55.48,55.99,54.89,10.0,2.520000000000003
2019-04-03,Intel Corp,INTC,JPMORGAN,HARLAN SUR,,OVERWEIGHT                   ,,64.0,55.48,55.99,54.89,204.0,8.520000000000003
2019-04-02,Intel Corp,INTC,BAML,VIVEK ARYA,                             ,BUY                          ,57.0,62.0,54.36,54.8,54.23,203.0,7.640000000000001
2019-02-26,Intel Corp,INTC,DEUTSCHE BANK,ROSS SEYMORE,                             ,                             ,55.0,65.0,53.23,53.37,52.91,230.0,11.770000000000003
2019-02-22,Intel Corp,INTC,MORGAN STANLEY,JOSEPH MOORE,                             ,                             ,55.0,64.0,52.49,52.98,52.06,232.0,11.509999999999998
2019-01-25,Intel Corp,INTC,RBC,AMIT DARYANANI,                             ,SECTOR PERFORM               ,55.0,50.0,47.04,47.43,45.75,7.0,2.960000000000001
2019-01-25,Intel Corp,INTC,ROTH MKM,RUBEN ROY,,BUY                          ,,58.0,47.04,47.43,45.75,57.0,10.96
2019-01-25,Intel Corp,INTC,WELLS FARGO,AARON RAKERS,,OUTPERFORM                   ,,55.0,47.04,47.43,45.75,47.0,7.960000000000001
2019-01-25,Intel Corp,INTC,BAML,VIVEK ARYA,                             ,BUY                          ,60.0,57.0,47.04,47.43,45.75,56.0,9.96
2019-01-25,Intel Corp,INTC,MIZUHO,VIJAY RAKESH,                             ,BUY                          ,58.0,56.0,47.04,47.43,45.75,48.0,8.96
2019-01-25,Intel Corp,INTC,TRUIST,WILLIAM STEIN,                             ,HOLD                         ,50.0,53.0,47.04,47.43,45.75,20.0,5.960000000000001
2019-01-25,Intel Corp,INTC,BAIRD,TRISTAN GERRA,                             ,OUTPERFORM                   ,64.0,60.0,47.04,47.43,45.75,233.0,12.96
2019-01-25,Intel Corp,INTC,SUSQUEHANNA,CHRISTOPHER ROLLAND,POSITIVE,NEUTRAL,58.0,50.0,47.04,47.43,45.75,7.0,2.960000000000001
2019-01-25,Intel Corp,INTC,BERNSTEIN,STACY RASGON,,UNDERPERFORM                 ,,42.0,47.04,47.43,45.75,836.0,5.039999999999999
2019-01-25,Intel Corp,INTC,NORTHLAND CAPITAL MARKETS,GUS RICHARD,,UNDERPERFORM                 ,,38.0,47.04,47.43,45.75,852.0,9.04
2019-01-25,Intel Corp,INTC,STIFEL,KEVIN CASSIDY,                             ,HOLD                         ,54.0,50.0,47.04,47.43,45.75,7.0,2.960000000000001
2019-01-25,Intel Corp,INTC,UBS,TIMOTHY ARCURI,                             ,BUY                          ,60.0,58.0,47.04,47.43,45.75,57.0,10.96
2019-01-25,Intel Corp,INTC,CITI,CHRISTOPHER DANELY,                             ,                             ,54.0,50.0,47.04,47.43,45.75,7.0,2.960000000000001
2019-01-25,Intel Corp,INTC,ROTH MKM,SUJI DESILVA,,BUY                          ,,60.0,47.04,47.43,45.75,233.0,12.96
2019-01-11,Intel Corp,INTC,CITI,CHRISTOPHER DANELY,                             ,BUY                          ,50.0,54.0,48.93,49.29,48.05,34.0,5.07
2019-01-04,Intel Corp,INTC,BAML,VIVEK ARYA,NEUTRAL,BUY,52.0,60.0,47.22,47.57,45.54,247.0,12.780000000000001
2018-12-17,Intel Corp,INTC,ROTH MKM,RUBEN ROY,,BUY                          ,,58.0,47.08,48.41,46.66,83.0,10.920000000000002
2018-12-04,Intel Corp,INTC,NORTHLAND CAPITAL MARKETS,GUS RICHARD,MARKET PERFORM,UNDERPERFORM,46.0,42.0,47.75,49.6,47.68,870.0,5.75
2018-11-19,Intel Corp,INTC,ROTH MKM,RUBEN ROY,BUY,POSITIVE,,58.0,48.0,49.15,47.78,101.0,10.0
2018-10-26,Intel Corp,INTC,ROTH MKM,RUBEN ROY,Buy                          ,Buy                          ,55.0,55.0,45.69,46.44,44.7,107.0,9.310000000000002
2018-10-26,Intel Corp,INTC,ROTH MKM,SUJI DESILVA,                             ,                             ,65.0,60.0,45.69,46.44,44.7,293.0,14.310000000000002
2018-10-26,Intel Corp,INTC,BARCLAYS,BLAYNE CURTIS,                             ,UNDERWEIGHT                  ,38.0,40.0,45.69,46.44,44.7,911.0,5.689999999999998
2018-10-26,Intel Corp,INTC,SUSQUEHANNA,CHRISTOPHER ROLLAND,                             ,POSITIVE                     ,54.0,58.0,45.69,46.44,44.7,117.0,12.310000000000002
2018-10-01,Intel Corp,INTC,BARCLAYS,BLAYNE CURTIS,,UNDERWEIGHT                  ,,38.0,46.45,47.22,46.2,931.0,8.450000000000003
2018-10-01,Intel Corp,INTC,RBC,AMIT DARYANANI,,SECTOR PERFORM               ,,55.0,46.45,47.22,46.2,126.0,8.549999999999997
2018-09-28,Intel Corp,INTC,JPMORGAN,HARLAN SUR,,OVERWEIGHT                   ,,68.0,47.29,47.75,45.46,331.0,20.71
2018-09-19,Intel Corp,INTC,MORGAN STANLEY,JOSEPH MOORE,                             ,                             ,56.0,50.0,46.15,46.44,45.89,52.0,3.8500000000000014
2018-09-13,Intel Corp,INTC,NORTHLAND CAPITAL MARKETS,GUS RICHARD,UNDERPERFORM,MARKET PERFORM,,46.0,45.57,45.85,45.11,3.0,0.4299999999999997
2018-09-10,Intel Corp,INTC,WELLS FARGO,AARON RAKERS,,OUTPERFORM                   ,,55.0,46.3,46.76,46.23,141.0,8.700000000000003
2018-08-24,Intel Corp,INTC,ROTH MKM,RUBEN ROY,,                             ,,58.0,47.66,47.89,47.08,161.0,10.340000000000003
2018-08-06,Intel Corp,INTC,BARCLAYS,BLAYNE CURTIS,EQUAL WEIGHT,OVERWEIGHT,,53.0,49.3,49.31,48.32,138.0,3.700000000000003
2018-07-27,Intel Corp,INTC,STIFEL,KEVIN CASSIDY,                             ,                             ,60.0,52.0,47.68,49.2,47.48,143.0,4.32
2018-07-27,Intel Corp,INTC,DEUTSCHE BANK,ROSS SEYMORE,BUY,BUY,,64.0,47.68,49.2,47.48,375.0,16.32
2018-07-27,Intel Corp,INTC,NORTHLAND CAPITAL MARKETS,GUS RICHARD,                             ,UNDERPERFORM                 ,45.0,46.0,47.68,49.2,47.48,31.0,1.6799999999999997
2018-07-27,Intel Corp,INTC,BAML,VIVEK ARYA,NEUTRAL,BUY,62.0,56.0,47.68,49.2,47.48,172.0,8.32
2018-07-27,Intel Corp,INTC,SUSQUEHANNA,CHRISTOPHER ROLLAND,                             ,POSITIVE                     ,64.0,58.0,47.68,49.2,47.48,181.0,10.32
2018-07-27,Intel Corp,INTC,JEFFERIES,MARK LIPACIS,Underperform                 ,Underperform                 ,44.0,44.0,47.68,49.2,47.48,53.0,3.6799999999999997
2018-07-27,Intel Corp,INTC,CITI,CHRISTOPHER DANELY,BUY,NEUTRAL,64.0,50.0,47.68,49.2,47.48,8.0,2.3200000000000003
2018-06-28,Intel Corp,INTC,RBC,AMIT DARYANANI,SECTOR PERFORM,POSITIVE.,,60.0,49.25,49.49,48.5,377.0,10.75
2018-06-26,Intel Corp,INTC,BERNSTEIN,STACY RASGON,MARKET PERFORM,UNDERPERFORM,54.0,42.0,49.67,50.41,49.36,982.0,7.670000000000002
2018-06-22,Intel Corp,INTC,ROTH MKM,RUBEN ROY,,BUY                          ,,61.0,52.5,53.09,52.3,396.0,8.5
2018-06-21,Intel Corp,INTC,STIFEL,KEVIN CASSIDY,                             ,HOLD                         ,57.0,60.0,52.19,54.53,51.94,382.0,7.810000000000002
2018-06-18,Intel Corp,INTC,NORTHLAND CAPITAL MARKETS,GUS RICHARD,MARKET PERFORM,UNDERPERFORM,,45.0,53.22,54.3,52.34,59.0,8.219999999999999
2018-05-11,Intel Corp,INTC,CITI,CHRISTOPHER DANELY,,BUY                          ,,64.0,54.67,55.19,54.43,428.0,9.329999999999998
2018-04-30,Intel Corp,INTC,,CHRISTOPHER DANELY,Buy                          ,Buy                          ,64.0,64.0,51.62,53.37,51.21,437.0,12.380000000000003
2018-04-27,Intel Corp,INTC,BERNSTEIN,STACY RASGON,                             ,                             ,38.0,54.0,52.73,55.79,52.23,8.0,1.2700000000000031
2018-04-27,Intel Corp,INTC,NEEDHAM,QUINN BOLTON,BUY,BUY,50.0,62.0,52.73,55.79,52.23,436.0,9.270000000000003
2018-04-27,Intel Corp,INTC,ROTH MKM,SUJI DESILVA,                             ,                             ,57.0,65.0,52.73,55.79,52.23,438.0,12.270000000000003
2018-04-27,Intel Corp,INTC,BARCLAYS,BLAYNE CURTIS,Overweight                   ,Overweight                   ,62.0,62.0,52.73,55.79,52.23,436.0,9.270000000000003
2018-04-27,Intel Corp,INTC,TRUIST,WILLIAM STEIN,,                             ,,57.0,52.73,55.79,52.23,24.0,4.270000000000003
2018-04-27,Intel Corp,INTC,,KEVIN CASSIDY,Hold                         ,Hold                         ,57.0,57.0,52.73,55.79,52.23,24.0,4.270000000000003
2018-04-27,Intel Corp,INTC,SUSQUEHANNA,CHRISTOPHER ROLLAND,                             ,POSITIVE                     ,62.0,64.0,52.73,55.79,52.23,438.0,11.270000000000003
2018-04-24,Intel Corp,INTC,RBC,AMIT DARYANANI,                             ,SECTOR PERFORM               ,46.0,54.0,51.45,53.64,51.14,3.0,2.549999999999997
2018-04-24,Intel Corp,INTC,CITI,CHRISTOPHER DANELY,                             ,BUY                          ,58.0,60.0,51.45,53.64,51.14,423.0,8.549999999999997
2018-04-19,Intel Corp,INTC,BARCLAYS,BLAYNE CURTIS,,                             ,,60.0,52.22,52.96,51.61,426.0,7.780000000000001
2018-04-11,Intel Corp,INTC,MACQUARIE,SRINI PAJJURI,                             ,OUTPERFORM                   ,55.0,58.0,51.1,51.73,50.82,256.0,6.899999999999999
2018-04-02,Intel Corp,INTC,STIFEL,KEVIN CASSIDY,,BUY                          ,,53.0,48.92,52.04,47.29,8.0,4.079999999999998
2018-04-02,Intel Corp,INTC,DEUTSCHE BANK,ROSS SEYMORE,,BUY                          ,,55.0,48.92,52.04,47.29,19.0,6.079999999999998
2018-03-28,Intel Corp,INTC,DZ BANK,INGO WERMANN,,HOLD                         ,,53.0,49.6,50.7,49.01,10.0,3.3999999999999986
2018-03-26,Intel Corp,INTC,BAIRD,TRISTAN GERRA,,OUTPERFORM                   ,,62.0,52.48,52.49,50.32,459.0,9.520000000000003
2018-03-08,Intel Corp,INTC,BAML,VIVEK ARYA,                             ,BUY                          ,52.0,61.0,50.74,52.08,50.47,470.0,10.259999999999998
2018-02-26,Intel Corp,INTC,BAIRD,TRISTAN GERRA,,OUTPERFORM                   ,,60.0,49.11,49.13,48.1,463.0,10.89
2018-02-12,Intel Corp,INTC,CITI,CHRISTOPHER DANELY,BUY,BUY,,58.0,44.83,45.16,44.09,296.0,13.170000000000002
2018-01-30,Intel Corp,INTC,CITI,CHRISTOPHER DANELY,,BUY                          ,,58.0,48.79,50.06,48.74,305.0,9.21
2018-01-26,Intel Corp,INTC,STIFEL,KEVIN CASSIDY,Buy                          ,Buy                          ,53.0,53.0,50.08,50.15,48.12,31.0,2.9200000000000017
2018-01-26,Intel Corp,INTC,ROTH MKM,RUBEN ROY,,BUY                          ,,55.0,50.08,50.15,48.12,63.0,4.920000000000002
2018-01-26,Intel Corp,INTC,ROTH MKM,SUJI DESILVA,                             ,BUY                          ,50.0,57.0,50.08,50.15,48.12,87.0,6.920000000000002
2018-01-26,Intel Corp,INTC,TRUIST,WILLIAM STEIN,HOLD,HOLD,,50.0,50.08,50.15,48.12,1.0,0.0799999999999983
2018-01-26,Intel Corp,INTC,MIZUHO,VIJAY RAKESH,                             ,BUY                          ,47.0,52.0,50.08,50.15,48.12,28.0,1.9200000000000017
2018-01-26,Intel Corp,INTC,BAIRD,TRISTAN GERRA,                             ,OUTPERFORM                   ,50.0,60.0,50.08,50.15,48.12,483.0,9.920000000000002
2018-01-26,Intel Corp,INTC,NEEDHAM,QUINN BOLTON,                             ,BUY                          ,45.0,50.0,50.08,50.15,48.12,1.0,0.0799999999999983
2018-01-26,Intel Corp,INTC,SUSQUEHANNA,CHRISTOPHER ROLLAND,                             ,POSITIVE                     ,48.0,54.0,50.08,50.15,48.12,56.0,3.9200000000000017
2018-01-26,Intel Corp,INTC,BAML,VIVEK ARYA,                             ,BUY                          ,49.0,52.0,50.08,50.15,48.12,28.0,1.9200000000000017
2018-01-05,Intel Corp,INTC,ARGUS,JIM KELLEHER,,BUY                          ,,50.0,44.74,45.15,43.9,14.0,5.259999999999998
2018-01-03,Intel Corp,INTC,MORGAN STANLEY,JOSEPH MOORE,,EQUAL WEIGHT                 ,,39.0,45.26,46.21,43.65,1118.0,6.259999999999998
2018-01-03,Intel Corp,INTC,DEUTSCHE BANK,ROSS SEYMORE,,BUY                          ,,50.0,45.26,46.21,43.65,16.0,4.740000000000002
2017-12-26,Intel Corp,INTC,MIZUHO,VIJAY RAKESH,Buy                          ,Buy                          ,47.0,47.0,46.08,46.47,45.95,21.0,0.9200000000000017
2017-11-13,Intel Corp,INTC,BARCLAYS,BLAYNE CURTIS,,OVERWEIGHT                   ,,55.0,45.75,45.94,45.25,113.0,9.25
2017-10-27,Intel Corp,INTC,BAIRD,TRISTAN GERRA,                             ,OUTPERFORM                   ,45.0,50.0,44.4,45.0,43.1,61.0,5.600000000000001
2017-10-27,Intel Corp,INTC,BAML,VIVEK ARYA,NEUTRAL,BUY,42.0,49.0,44.4,45.0,43.1,61.0,4.600000000000001
2017-10-27,Intel Corp,INTC,EVERCORE,C J MUSE,OUTPERFORM,POSITIVE,40.0,50.0,44.4,45.0,43.1,61.0,5.600000000000001
2017-10-27,Intel Corp,INTC,TRUIST,WILLIAM STEIN,HOLD,HOLD,39.0,43.0,44.4,45.0,43.1,27.0,1.3999999999999986
2017-10-27,Intel Corp,INTC,DEUTSCHE BANK,ROSS SEYMORE,,BUY                          ,,43.0,44.4,45.0,43.1,27.0,1.3999999999999986
2017-10-27,Intel Corp,INTC,ROTH MKM,SUJI DESILVA,                             ,BUY                          ,43.0,50.0,44.4,45.0,43.1,61.0,5.600000000000001
2017-10-27,Intel Corp,INTC,MIZUHO,VIJAY RAKESH,OUTPERFORM,OUTPERFORM,45.0,47.0,44.4,45.0,43.1,4.0,2.6000000000000014
2017-10-27,Intel Corp,INTC,STIFEL,KEVIN CASSIDY,BUY,BUY,,46.0,44.4,45.0,43.1,3.0,1.6000000000000014
2017-10-23,Intel Corp,INTC,MORGAN STANLEY,JOSEPH MOORE,,                             ,,38.0,40.83,41.04,40.4,1167.0,2.8299999999999983
2017-10-19,Intel Corp,INTC,STIFEL,KEVIN CASSIDY,                             ,BUY                          ,41.0,46.0,40.09,40.33,39.83,9.0,5.909999999999997
2017-10-09,Intel Corp,INTC,MIZUHO,VIJAY RAKESH,,BUY                          ,,45.0,39.86,39.88,39.52,14.0,5.140000000000001
2017-08-23,Intel Corp,INTC,ARGUS,JIM KELLEHER,,                             ,,45.0,34.66,34.81,34.38,46.0,10.340000000000003
2017-08-15,Intel Corp,INTC,BERNSTEIN,STACY RASGON,,UNDERPERFORM                 ,,30.0,36.0,36.32,35.82,1275.0,6.0
2017-07-28,Intel Corp,INTC,STIFEL,KEVIN CASSIDY,                             ,BUY                          ,39.0,41.0,35.31,35.86,35.0,60.0,5.689999999999998
2017-07-10,Intel Corp,INTC,JEFFERIES,MARK LIPACIS,HOLD,UNDERPERFORM,,29.0,33.65,33.74,33.23,1306.0,4.649999999999999
2017-05-10,Intel Corp,INTC,BERNSTEIN,STACY RASGON,,UNDERPERFORM                 ,,30.0,36.01,36.38,35.93,1342.0,6.009999999999998
2017-04-28,Intel Corp,INTC,TD COWEN,TIMOTHY ARCURI,,MARKET PERFORM               ,,39.0,36.15,36.49,35.88,108.0,2.8500000000000014
2017-04-10,Intel Corp,INTC,MIZUHO,VIJAY RAKESH,,BUY                          ,,42.0,35.8,36.09,35.61,140.0,6.200000000000003
2017-03-28,Intel Corp,INTC,BAIRD,TRISTAN GERRA,,OUTPERFORM                   ,,42.0,35.6,35.71,35.21,149.0,6.399999999999999
2017-03-01,Intel Corp,INTC,BERNSTEIN,STACY RASGON,MARKET PERFORM,UNDERPERFORM,36.0,30.0,35.93,36.1,35.44,1391.0,5.93
2017-02-22,Intel Corp,INTC,ROTH MKM,RUBEN ROY,BUY,BUY,,42.0,36.07,36.4,35.79,173.0,5.93
2017-01-27,Intel Corp,INTC,RBC,AMIT DARYANANI,,SECTOR PERFORM               ,,37.0,37.98,38.45,37.81,2.0,0.9799999999999969
2017-01-27,Intel Corp,INTC,BARCLAYS,BLAYNE CURTIS,,OVERWEIGHT                   ,,45.0,37.98,38.45,37.81,190.0,7.020000000000003
2017-01-27,Intel Corp,INTC,MIZUHO,VIJAY RAKESH,BUY,BUY,,42.0,37.98,38.45,37.81,190.0,4.020000000000003
2017-01-27,Intel Corp,INTC,NEEDHAM,QUINN BOLTON,BUY,BUY,42.0,43.0,37.98,38.45,37.81,190.0,5.020000000000003
2017-01-27,Intel Corp,INTC,MORGAN STANLEY,JOSEPH MOORE,UNDERWEIGHT,EQUAL WEIGHT,35.0,38.0,37.98,38.45,37.81,170.0,0.020000000000003126
2017-01-27,Intel Corp,INTC,TD COWEN,TIMOTHY ARCURI,,MARKET PERFORM               ,,39.0,37.98,38.45,37.81,171.0,1.0200000000000031
2017-01-27,Intel Corp,INTC,ROTH MKM,SUJI DESILVA,                             ,BUY                          ,40.0,43.0,37.98,38.45,37.81,190.0,5.020000000000003
2017-01-27,Intel Corp,INTC,BAIRD,TRISTAN GERRA,,OUTPERFORM                   ,,42.0,37.98,38.45,37.81,190.0,4.020000000000003
2017-01-25,Intel Corp,INTC,CITI,CHRISTOPHER DANELY,NEUTRAL,NEUTRAL,,36.0,37.8,38.0,37.52,11.0,1.7999999999999972
2017-01-23,Intel Corp,INTC,DEUTSCHE BANK,ROSS SEYMORE,,BUY                          ,,47.0,36.77,37.21,36.55,198.0,10.229999999999997
2016-11-29,Intel Corp,INTC,BAIRD,TRISTAN GERRA,,OUTPERFORM                   ,,42.0,35.31,35.64,35.27,230.0,6.689999999999998
2016-10-19,Intel Corp,INTC,MORGAN STANLEY,JOSEPH MOORE,                             ,UNDERWEIGHT                  ,34.0,35.0,35.51,36.09,35.23,2.0,0.509999999999998
2016-10-19,Intel Corp,INTC,BAIRD,TRISTAN GERRA,,OUTPERFORM                   ,,42.0,35.51,36.09,35.23,258.0,6.490000000000002
2016-10-19,Intel Corp,INTC,STIFEL,KEVIN CASSIDY,,BUY                          ,,39.0,35.51,36.09,35.23,239.0,3.490000000000002
2016-10-19,Intel Corp,INTC,ROTH MKM,SUJI DESILVA,                             ,                             ,43.0,40.0,35.51,36.09,35.23,251.0,4.490000000000002
2016-10-19,Intel Corp,INTC,RBC,AMIT DARYANANI,SECTOR PERFORM,SECTOR PERFO,38.0,37.0,35.51,36.09,35.23,40.0,1.490000000000002
2016-10-19,Intel Corp,INTC,CITI,CHRISTOPHER DANELY,,NEUTRAL                      ,,38.0,35.51,36.09,35.23,66.0,2.490000000000002
2016-10-19,Intel Corp,INTC,JEFFERIES,MARK LIPACIS,                             ,BUY                          ,49.0,46.0,35.51,36.09,35.23,261.0,10.490000000000002
2016-10-19,Intel Corp,INTC,SUSQUEHANNA,CHRISTOPHER ROLLAND,,POSITIVE                     ,,42.0,35.51,36.09,35.23,258.0,6.490000000000002
2016-09-20,Intel Corp,INTC,SUSQUEHANNA,CHRISTOPHER ROLLAND,,POSITIVE                     ,,42.0,37.14,37.43,36.94,279.0,4.859999999999999
2016-09-19,Intel Corp,INTC,CITI,CHRISTOPHER DANELY,Neutral                      ,Neutral                      ,38.0,38.0,37.16,38.02,37.09,12.0,0.8400000000000034
2016-09-19,Intel Corp,INTC,MIZUHO,VIJAY RAKESH,BUY,BUY,,42.0,37.16,38.02,37.09,280.0,4.840000000000003
2016-09-16,Intel Corp,INTC,RBC,AMIT DARYANANI,                             ,                             ,36.0,38.0,37.67,38.05,37.25,1.0,0.3299999999999983
2016-09-16,Intel Corp,INTC,TD COWEN,TIMOTHY ARCURI,Market Perform               ,Market Perform               ,38.0,38.0,37.67,38.05,37.25,1.0,0.3299999999999983
2016-09-16,Intel Corp,INTC,BAIRD,TRISTAN GERRA,                             ,OUTPERFORM                   ,40.0,42.0,37.67,38.05,37.25,281.0,4.329999999999998
2016-08-17,Intel Corp,INTC,CITI,CHRISTOPHER DANELY,,NEUTRAL                      ,,35.0,35.02,35.21,34.77,1.0,0.020000000000003126
2016-07-22,Intel Corp,INTC,ARGUS,JIM KELLEHER,BUY,BUY,,41.0,34.66,34.7,34.26,316.0,6.340000000000003
2016-07-21,Intel Corp,INTC,BAIRD,TRISTAN GERRA,,OUTPERFORM                   ,,38.0,34.27,34.49,33.86,40.0,3.729999999999997
2016-07-21,Intel Corp,INTC,NEEDHAM,QUINN BOLTON,BUY,BUY,,38.0,34.27,34.49,33.86,40.0,3.729999999999997
2016-07-21,Intel Corp,INTC,MIZUHO,VIJAY RAKESH,Buy                          ,Buy                          ,35.0,35.0,34.27,34.49,33.86,3.0,0.7299999999999969
2016-07-21,Intel Corp,INTC,JEFFERIES,MARK LIPACIS,                             ,                             ,42.0,44.0,34.27,34.49,33.86,321.0,9.729999999999997
2016-07-21,Intel Corp,INTC,MORGAN STANLEY,JOSEPH MOORE,Underweight                  ,Underweight                  ,31.0,31.0,34.27,34.49,33.86,1542.0,3.270000000000003
2016-07-21,Intel Corp,INTC,DEUTSCHE BANK,ROSS SEYMORE,Buy                          ,Buy                          ,35.0,35.0,34.27,34.49,33.86,3.0,0.7299999999999969
2016-07-12,Intel Corp,INTC,CITI,CHRISTOPHER DANELY,,NEUTRAL                      ,,35.0,34.94,34.97,34.48,1.0,0.060000000000002274
2016-07-11,Intel Corp,INTC,TD COWEN,TIMOTHY ARCURI,Market Perform               ,Market Perform               ,36.0,36.0,34.38,34.5,34.04,38.0,1.6199999999999974
2016-04-20,Intel Corp,INTC,MIZUHO,VIJAY RAKESH,,BUY                          ,,36.0,32.0,32.26,31.25,94.0,4.0
2016-04-20,Intel Corp,INTC,TD COWEN,TIMOTHY ARCURI,                             ,                             ,33.0,32.0,32.0,32.26,31.25,1.0,0.0
2016-04-20,Intel Corp,INTC,,JAMES COVELLO,Neutral                      ,Neutral                      ,33.0,33.0,32.0,32.26,31.25,45.0,1.0
2016-04-20,Intel Corp,INTC,JEFFERIES,MARK LIPACIS,,                             ,,42.0,32.0,32.26,31.25,385.0,10.0
2016-04-20,Intel Corp,INTC,JPMORGAN,HARLAN SUR,Overweight                   ,Overweight                   ,39.0,39.0,32.0,32.26,31.25,366.0,7.0
2016-04-20,Intel Corp,INTC,DEUTSCHE BANK,ROSS SEYMORE,BUY,BUY,,37.0,32.0,32.26,31.25,104.0,5.0
2016-03-21,Intel Corp,INTC,BERNSTEIN,STACY RASGON,SHORT,SHORT,,26.0,32.34,32.42,31.95,1645.0,6.340000000000003
2016-03-21,Intel Corp,INTC,DEUTSCHE BANK,ROSS SEYMORE,,BUY                          ,,37.0,32.34,32.42,31.95,125.0,4.659999999999997
2016-03-07,Intel Corp,INTC,BAML,VIVEK ARYA,,                             ,,36.0,30.94,31.12,30.5,125.0,5.059999999999999
2016-03-03,Intel Corp,INTC,BAIRD,TRISTAN GERRA,NEUTRAL,OUTPERFORM,33.0,38.0,30.58,31.35,30.54,137.0,7.420000000000002
2016-01-15,Intel Corp,INTC,CITI,CHRISTOPHER DANELY,NEUTRAL,NEUTRAL,,34.0,29.76,30.5,29.45,120.0,4.239999999999998
2016-01-15,Intel Corp,INTC,TD COWEN,TIMOTHY ARCURI,,MARKET PERFORM               ,,35.0,29.76,30.5,29.45,123.0,5.239999999999998
2016-01-15,Intel Corp,INTC,STIFEL,KEVIN CASSIDY,                             ,BUY                          ,36.0,37.0,29.76,30.5,29.45,169.0,7.239999999999998
2016-01-12,Intel Corp,INTC,JPMORGAN,HARLAN SUR,,OVERWEIGHT                   ,,40.0,32.68,32.89,32.27,446.0,7.32
2016-01-12,Intel Corp,INTC,MIZUHO,VIJAY RAKESH,NEUTRAL,BUY,,37.0,32.68,32.89,32.27,172.0,4.32
2016-01-04,Intel Corp,INTC,DEUTSCHE BANK,ROSS SEYMORE,Buy                          ,Buy                          ,38.0,38.0,33.99,34.01,33.46,178.0,4.009999999999998
2015-12-15,Intel Corp,INTC,CITI,CHRISTOPHER DANELY,NEUTRAL,NEUTRAL,,34.0,35.18,35.35,34.64,3.0,1.1799999999999997
2015-11-20,Intel Corp,INTC,TD COWEN,TIMOTHY ARCURI,                             ,MARKET PERFORM               ,34.0,35.0,34.66,35.29,34.48,6.0,0.3400000000000034
2015-11-11,Intel Corp,INTC,DEUTSCHE BANK,ROSS SEYMORE,,BUY                          ,,37.0,32.86,33.38,32.8,213.0,4.140000000000001
2015-10-21,Intel Corp,INTC,JEFFERIES,MARK LIPACIS,Buy                          ,Buy                          ,38.0,38.0,33.37,34.05,33.32,228.0,4.630000000000003
2015-10-14,Intel Corp,INTC,PIPER SANDLER,RUBEN ROY,,OVERWEIGHT                   ,,37.0,32.8,32.93,30.85,233.0,4.200000000000003
2015-10-14,Intel Corp,INTC,JEFFERIES,MARK LIPACIS,                             ,BUY                          ,36.0,37.0,32.8,32.93,30.85,233.0,4.200000000000003
2015-10-14,Intel Corp,INTC,TD COWEN,TIMOTHY ARCURI,Market Perform               ,Market Perform               ,34.0,34.0,32.8,32.93,30.85,5.0,1.2000000000000028
2015-10-14,Intel Corp,INTC,RBC,AMIT DARYANANI,                             ,SECTOR PERFORM               ,33.0,34.0,32.8,32.93,30.85,5.0,1.2000000000000028
2015-10-14,Intel Corp,INTC,NEEDHAM,QUINN BOLTON,BUY,BUY,,37.0,32.8,32.93,30.85,233.0,4.200000000000003
2015-10-09,Intel Corp,INTC,PIPER SANDLER,RUBEN ROY,POSITIVE,POSITIVE,,37.0,32.14,32.55,31.94,236.0,4.859999999999999
2015-10-06,Intel Corp,INTC,MIZUHO,VIJAY RAKESH,,NEUTRAL                      ,,31.0,31.74,31.85,31.11,6.0,0.7399999999999984
2015-09-21,Intel Corp,INTC,MIZUHO,VIJAY RAKESH,Neutral                      ,Neutral                      ,31.0,31.0,29.16,29.34,28.94,10.0,1.8399999999999999
2015-08-31,Intel Corp,INTC,NORTHLAND CAPITAL MARKETS,GUS RICHARD,,                             ,,32.0,28.54,29.13,28.16,26.0,3.460000000000001
2015-08-28,Intel Corp,INTC,NEEDHAM,QUINN BOLTON,,BUY                          ,,37.0,28.42,28.61,27.45,265.0,8.579999999999998
2015-08-24,Intel Corp,INTC,,CHRIS CASO,Neutral                      ,Neutral                      ,30.0,30.0,26.25,27.63,24.87,11.0,3.75
2015-07-16,Intel Corp,INTC,B. RILEY,CHRISTOPHER ROLLAND,,OUTPERFORM                   ,,38.0,29.9,30.48,29.1,296.0,8.100000000000001
2015-07-16,Intel Corp,INTC,NORTHLAND CAPITAL MARKETS,GUS RICHARD,MARKET PERFORM,MARKET PERFO,31.0,32.0,29.9,30.48,29.1,58.0,2.1000000000000014
2015-07-16,Intel Corp,INTC,NEEDHAM,QUINN BOLTON,HOLD,BUY,,37.0,29.9,30.48,29.1,296.0,7.100000000000001
2015-07-16,Intel Corp,INTC,PIPER SANDLER,RUBEN ROY,                             ,OVERWEIGHT                   ,38.0,37.0,29.9,30.48,29.1,296.0,7.100000000000001
2015-07-15,Intel Corp,INTC,JEFFERIES,MARK LIPACIS,                             ,                             ,45.0,35.0,29.69,29.99,29.47,71.0,5.309999999999999
2015-07-14,Intel Corp,INTC,MIZUHO,VIJAY RAKESH,,NEUTRAL                      ,,32.0,29.65,30.11,29.44,60.0,2.3500000000000014
2015-07-14,Intel Corp,INTC,BERNSTEIN,STACY RASGON,                             ,                             ,29.0,25.0,29.65,30.11,29.44,29.0,4.649999999999999
2015-07-13,Intel Corp,INTC,TD COWEN,TIMOTHY ARCURI,,                             ,,32.0,29.73,29.82,29.19,61.0,2.2699999999999996
2015-07-07,Intel Corp,INTC,PIPER SANDLER,RUBEN ROY,,OVERWEIGHT                   ,,38.0,29.9,29.93,29.09,303.0,8.100000000000001
2015-07-02,Intel Corp,INTC,CITI,CHRISTOPHER DANELY,NEUTRAL,NEUTRAL,,32.0,30.56,30.92,30.1,67.0,1.4400000000000013
2015-07-01,Intel Corp,INTC,B. RILEY,CHRISTOPHER ROLLAND,Outperform                   ,Outperform                   ,38.0,38.0,30.18,30.55,30.01,306.0,7.82
2015-06-26,Intel Corp,INTC,JEFFERIES,MARK LIPACIS,                             ,BUY                          ,48.0,45.0,31.02,31.53,30.76,590.0,13.98
2015-06-15,Intel Corp,INTC,DEUTSCHE BANK,ROSS SEYMORE,,BUY                          ,,37.0,31.39,31.51,30.94,318.0,5.609999999999999
2015-06-12,Intel Corp,INTC,GOLDMAN SACHS,JAMES COVELLO,,SELL                         ,,23.0,31.32,32.1,31.2,2300.0,8.32
2015-06-03,Intel Corp,INTC,PIPER SANDLER,RUBEN ROY,,OVERWEIGHT                   ,,38.0,32.73,33.24,32.59,326.0,5.270000000000003
2015-06-02,Intel Corp,INTC,JEFFERIES,MARK LIPACIS,,BUY                          ,,48.0,33.27,33.75,33.14,669.0,14.729999999999997
2015-05-27,Intel Corp,INTC,JEFFERIES,MARK LIPACIS,,BUY                          ,,48.0,33.71,33.85,33.13,673.0,14.29
2015-04-15,Intel Corp,INTC,CITI,CHRISTOPHER DANELY,Neutral                      ,Neutral                      ,31.0,31.0,32.83,32.99,32.07,42.0,1.8299999999999983
2015-04-15,Intel Corp,INTC,TD COWEN,TIMOTHY ARCURI,                             ,                             ,36.0,33.0,32.83,32.99,32.07,9.0,0.1700000000000017
2015-04-15,Intel Corp,INTC,DEUTSCHE BANK,ROSS SEYMORE,Buy                          ,Buy                          ,39.0,39.0,32.83,32.99,32.07,622.0,6.170000000000002
2015-04-13,Intel Corp,INTC,JEFFERIES,MARK LIPACIS,,BUY                          ,,48.0,31.73,32.05,31.71,704.0,16.27
2015-03-13,Intel Corp,INTC,DEUTSCHE BANK,ROSS SEYMORE,Buy                          ,Buy                          ,48.0,48.0,30.93,30.98,30.36,724.0,17.07
2015-03-13,Intel Corp,INTC,CITI,CHRISTOPHER DANELY,Neutral                      ,Neutral                      ,31.0,31.0,30.93,30.98,30.36,1.0,0.07000000000000028
2015-03-13,Intel Corp,INTC,B. RILEY,CHRISTOPHER ROLLAND,Outperform                   ,Outperform                   ,35.0,35.0,30.93,30.98,30.36,156.0,4.07
2015-03-13,Intel Corp,INTC,JEFFERIES,MARK LIPACIS,BUY,BUY,50.0,48.0,30.93,30.98,30.36,724.0,17.07
2015-03-12,Intel Corp,INTC,TD COWEN,TIMOTHY ARCURI,,MARKET PERFORM               ,,38.0,30.8,31.6,30.58,383.0,7.199999999999999
2015-02-26,Intel Corp,INTC,CITI,CHRISTOPHER DANELY,                             ,                             ,35.0,34.0,33.65,33.88,33.43,2.0,0.3500000000000014
2015-01-16,Intel Corp,INTC,TD COWEN,TIMOTHY ARCURI,,MARKET PERFORM               ,,36.0,36.45,36.66,35.51,1.0,0.45000000000000284
2015-01-16,Intel Corp,INTC,DEUTSCHE BANK,ROSS SEYMORE,Buy                          ,Buy                          ,42.0,42.0,36.45,36.66,35.51,701.0,5.549999999999997
2015-01-16,Intel Corp,INTC,NORTHLAND CAPITAL MARKETS,GUS RICHARD,                             ,                             ,34.5,35.0,36.45,36.66,35.51,6.0,1.4500000000000028
2015-01-16,Intel Corp,INTC,STIFEL,KEVIN CASSIDY,                             ,BUY                          ,39.0,41.0,36.45,36.66,35.51,697.0,4.549999999999997
2015-01-16,Intel Corp,INTC,PIPER SANDLER,RUBEN ROY,OVERWEIGHT,OVERWEIGHT,39.0,41.0,36.45,36.66,35.51,697.0,4.549999999999997
2015-01-16,Intel Corp,INTC,GOLDMAN SACHS,JAMES COVELLO,,SELL                         ,,23.0,36.45,36.66,35.51,2401.0,13.450000000000003
2015-01-14,Intel Corp,INTC,JEFFERIES,MARK LIPACIS,                             ,BUY                          ,45.0,50.0,36.35,36.91,35.91,764.0,13.649999999999999
2014-12-18,Intel Corp,INTC,,CHRISTOPHER DANELY,Neutral                      ,Neutral                      ,35.0,35.0,37.02,37.02,36.43,25.0,2.020000000000003
2014-11-21,Intel Corp,INTC,STIFEL,KEVIN CASSIDY,                             ,BUY                          ,36.0,39.0,35.59,36.46,35.5,719.0,3.4099999999999966
2014-11-21,Intel Corp,INTC,IMPERIAL CAPITAL,ASHOK KUMAR,                             ,OUTPERFORM                   ,37.0,40.0,35.59,36.46,35.5,731.0,4.409999999999997
2014-11-21,Intel Corp,INTC,B. RILEY,CHRISTOPHER ROLLAND,Outperform                   ,Outperform                   ,40.0,40.0,35.59,36.46,35.5,731.0,4.409999999999997
2014-11-18,Intel Corp,INTC,PIPER SANDLER,RUBEN ROY,OVERWEIGHT,OVERWEIGHT,,38.0,34.71,34.9,34.16,460.0,3.289999999999999
2014-11-18,Intel Corp,INTC,TD COWEN,TIMOTHY ARCURI,,MARKET PERFORM               ,,34.0,34.71,34.9,34.16,2.0,0.7100000000000009
2014-10-22,Intel Corp,INTC,JEFFERIES,MARK LIPACIS,,BUY                          ,,45.0,32.27,32.87,32.22,760.0,12.729999999999997
2014-10-15,Intel Corp,INTC,MORGAN STANLEY,JOSEPH MOORE,,                             ,,30.0,31.28,31.65,29.65,110.0,1.2800000000000011
2014-10-15,Intel Corp,INTC,PIPER SANDLER,RUBEN ROY,OVERWEIGHT,OVERWEIGHT,37.0,38.0,31.28,31.65,29.65,484.0,6.719999999999999
2014-10-15,Intel Corp,INTC,B. RILEY,CHRISTOPHER ROLLAND,Outperform                   ,Outperform                   ,39.0,39.0,31.28,31.65,29.65,746.0,7.719999999999999
2014-10-15,Intel Corp,INTC,JEFFERIES,MARK LIPACIS,,BUY                          ,,45.0,31.28,31.65,29.65,765.0,13.719999999999999
2014-10-14,Intel Corp,INTC,TD COWEN,TIMOTHY ARCURI,,MARKET PERFORM               ,,33.0,32.14,32.67,31.71,8.0,0.8599999999999994
2014-10-07,Intel Corp,INTC,NORTHLAND CAPITAL MARKETS,GUS RICHARD,,MARKET PERFORM               ,,35.0,33.47,34.05,33.42,32.0,1.5300000000000011
2014-10-06,Intel Corp,INTC,DEUTSCHE BANK,ROSS SEYMORE,BUY,BUY,,40.0,34.11,34.48,33.87,765.0,5.890000000000001
2014-09-26,Intel Corp,INTC,JEFFERIES,MARK LIPACIS,,BUY                          ,,45.0,34.26,34.36,33.63,778.0,10.740000000000002
2014-09-10,Intel Corp,INTC,MORGAN STANLEY,JOSEPH MOORE,EQUAL WEIGHT,EQUAL WEIGHT,,30.0,35.02,35.13,34.67,25.0,5.020000000000003
2014-08-08,Intel Corp,INTC,,CHRISTOPHER DANELY,Overweight                   ,Overweight                   ,37.0,37.0,32.6,33.0,32.54,78.0,4.399999999999999
2014-07-16,Intel Corp,INTC,MORGAN STANLEY,JOSEPH MOORE,                             ,EQUAL WEIGHT                 ,28.0,30.0,34.65,34.74,33.21,64.0,4.649999999999999
2014-07-16,Intel Corp,INTC,DEUTSCHE BANK,ROSS SEYMORE,Buy                          ,Buy                          ,36.0,36.0,34.65,34.74,33.21,91.0,1.3500000000000014
2014-07-16,Intel Corp,INTC,STIFEL,KEVIN CASSIDY,                             ,BUY                          ,31.0,36.0,34.65,34.74,33.21,91.0,1.3500000000000014
2014-07-16,Intel Corp,INTC,PIPER SANDLER,RUBEN ROY,                             ,OVERWEIGHT                   ,31.0,37.0,34.65,34.74,33.21,95.0,2.3500000000000014
2014-07-16,Intel Corp,INTC,JEFFERIES,MARK LIPACIS,                             ,                             ,40.0,45.0,34.65,34.74,33.21,829.0,10.350000000000001
2014-07-16,Intel Corp,INTC,B. RILEY,CHRISTOPHER ROLLAND,Buy                          ,Buy                          ,36.0,36.0,34.65,34.74,33.21,91.0,1.3500000000000014
2014-07-16,Intel Corp,INTC,GOLDMAN SACHS,JAMES COVELLO,,SELL                         ,,20.0,34.65,34.74,33.21,2530.0,14.649999999999999
2014-07-16,Intel Corp,INTC,ASCENDIANT,CODY ACREE,                             ,SELL                         ,22.0,24.0,34.65,34.74,33.21,2529.0,10.649999999999999
2014-07-16,Intel Corp,INTC,TD COWEN,TIMOTHY ARCURI,Market Perform               ,Market Perform               ,33.0,33.0,34.65,34.74,33.21,14.0,1.6499999999999986
2014-07-14,Intel Corp,INTC,IMPERIAL CAPITAL,ASHOK KUMAR,,OUTPERFORM                   ,,37.0,31.49,31.58,31.34,97.0,5.510000000000002
2014-06-13,Intel Corp,INTC,MORGAN STANLEY,JOSEPH MOORE,UNDERWEIGHT,EQUAL WEIGHT,24.0,28.0,29.87,30.06,29.56,281.0,1.870000000000001
2014-06-13,Intel Corp,INTC,DEUTSCHE BANK,ROSS SEYMORE,Buy                          ,Buy                          ,35.0,35.0,29.87,30.06,29.56,48.0,5.129999999999999
2014-06-13,Intel Corp,INTC,B. RILEY,CHRISTOPHER ROLLAND,OUTPERFORM,OUTPERFORM,30.0,32.0,29.87,30.06,29.56,22.0,2.129999999999999
2014-06-13,Intel Corp,INTC,JEFFERIES,MARK LIPACIS,BUY,POSITIVE,35.0,40.0,29.87,30.06,29.56,844.0,10.129999999999999
2014-06-13,Intel Corp,INTC,BAIRD,TRISTAN GERRA,POSITIVE,NEUTRAL,26.0,29.0,29.87,30.06,29.56,269.0,0.870000000000001
2014-06-13,Intel Corp,INTC,TD COWEN,TIMOTHY ARCURI,                             ,MARKET PERFORM               ,24.0,27.5,29.87,30.06,29.56,300.0,2.370000000000001
2014-06-13,Intel Corp,INTC,TOPEKA,SUJI DESILVA,                             ,BUY                          ,30.0,34.0,29.87,30.06,29.56,22.0,4.129999999999999
2014-06-13,Intel Corp,INTC,,CHRISTOPHER DANELY,Overweight                   ,Overweight                   ,31.0,31.0,29.87,30.06,29.56,8.0,1.129999999999999
2014-06-13,Intel Corp,INTC,BAML,VIVEK ARYA,                             ,BUY                          ,30.0,34.0,29.87,30.06,29.56,22.0,4.129999999999999
2014-06-13,Intel Corp,INTC,PIPER SANDLER,RUBEN ROY,OVERWEIGHT,POSITIVE,30.0,31.0,29.87,30.06,29.56,8.0,1.129999999999999
2014-05-19,Intel Corp,INTC,MORGAN STANLEY,JOSEPH MOORE,UNDERWEIGHT,UNDERWEIGHT,,24.0,26.04,26.09,25.75,2569.0,2.039999999999999
2014-04-16,Intel Corp,INTC,TD COWEN,TIMOTHY ARCURI,Market Perform               ,Market Perform               ,24.0,24.0,26.93,27.24,26.6,2591.0,2.9299999999999997
2014-04-16,Intel Corp,INTC,DEUTSCHE BANK,ROSS SEYMORE,                             ,BUY                          ,28.0,30.0,26.93,27.24,26.6,40.0,3.0700000000000003
2014-04-16,Intel Corp,INTC,PIPER SANDLER,RUBEN ROY,OVERWEIGHT,IN LINE,,30.0,26.93,27.24,26.6,40.0,3.0700000000000003
2014-04-16,Intel Corp,INTC,SUSQUEHANNA,CHRIS CASO,                             ,NEUTRAL                      ,21.0,23.0,26.93,27.24,26.6,2591.0,3.9299999999999997
2014-04-16,Intel Corp,INTC,B. RILEY,CHRISTOPHER ROLLAND,Neutral                      ,Neutral                      ,27.0,27.0,26.93,27.24,26.6,1.0,0.07000000000000028
2014-04-16,Intel Corp,INTC,JEFFERIES,MARK LIPACIS,                             ,BUY                          ,32.0,35.0,26.93,27.24,26.6,88.0,8.07
2014-04-03,Intel Corp,INTC,PIPER SANDLER,RUBEN ROY,,                             ,,30.0,26.41,26.46,26.14,49.0,3.59
2014-03-28,Intel Corp,INTC,TD COWEN,TIMOTHY ARCURI,,MARKET PERFORM               ,,24.0,25.62,25.81,25.32,2604.0,1.620000000000001
2014-03-13,Intel Corp,INTC,JEFFERIES,MARK LIPACIS,,BUY                          ,,32.0,24.57,25.0,24.43,86.0,7.43
2014-03-04,Intel Corp,INTC,TOPEKA,SUJI DESILVA,,BUY                          ,,28.0,24.61,24.78,24.5,66.0,3.3900000000000006
2014-01-17,Intel Corp,INTC,B. RILEY,CHRISTOPHER ROLLAND,,OUTPERFORM                   ,,27.0,25.85,25.86,25.25,56.0,1.1499999999999986
2013-11-22,Intel Corp,INTC,JEFFERIES,MARK LIPACIS,                             ,BUY                          ,30.0,32.0,23.87,24.51,23.84,160.0,8.129999999999999
2013-11-22,Intel Corp,INTC,DEUTSCHE BANK,ROSS SEYMORE,                             ,BUY                          ,26.0,28.0,23.87,24.51,23.84,133.0,4.129999999999999
2013-10-21,Intel Corp,INTC,JEFFERIES,MARK LIPACIS,,BUY                          ,,30.0,24.14,24.17,23.82,162.0,5.859999999999999
2013-10-16,Intel Corp,INTC,B. RILEY,CHRISTOPHER ROLLAND,IN LINE,IN LINE,28.0,27.0,23.7,23.74,23.22,62.0,3.3000000000000007
2013-09-13,Intel Corp,INTC,JEFFERIES,MARK LIPACIS,"\""BUY\""","\""HOLD\""",,30.0,23.44,23.46,23.04,188.0,6.559999999999999
2013-06-10,Intel Corp,INTC,,MARK LIPACIS,Hold                         ,Hold                         ,27.0,27.0,25.01,25.09,24.64,152.0,1.9899999999999984
2013-06-03,Intel Corp,INTC,B. RILEY,CHRISTOPHER ROLLAND,MARKET PERFORM,OUTPERFORM,,28.0,25.24,25.45,24.83,255.0,2.7600000000000016
2013-01-18,Intel Corp,INTC,CRT CAPITAL,VIJAY RAKESH,,NEUTRAL                      ,,18.0,21.25,21.44,21.03,3073.0,3.25
2012-10-17,Intel Corp,INTC,,MARK LIPACIS,Hold                         ,Hold                         ,24.0,24.0,21.79,21.98,21.27,131.0,2.210000000000001
2012-09-10,Intel Corp,INTC,,CHRISTOPHER DANELY,Neutral                      ,Neutral                      ,22.0,22.0,23.26,24.6,23.17,21.0,1.2600000000000016
2012-07-18,Intel Corp,INTC,,MARK LIPACIS,Hold                         ,Hold                         ,29.0,29.0,26.21,26.42,25.05,478.0,2.789999999999999
2012-06-05,Intel Corp,INTC,MAXIM GROUP,ASHOK KUMAR,                             ,                             ,33.0,29.0,25.43,25.57,25.0,508.0,3.5700000000000003
